2026-09-07T11:38:03.246-03:00  INFO 22284 --- [drivecore-api] [restartedMain] i.r.d.DrivecoreApiApplication            : Starting DrivecoreApiApplication using Java 21.0.11 with PID 22284 (C:\Users\Diego\Desktop\Desafio Técnico\drivecore-api\target\classes started by Diego in C:\Users\Diego\Desktop\Desafio Técnico\drivecore-api)
2026-09-07T11:38:03.247-03:00  INFO 22284 --- [drivecore-api] [restartedMain] i.r.d.DrivecoreApiApplication            : No active profile set, falling back to 1 default profile: "default"
2026-09-07T11:38:03.290-03:00  INFO 22284 --- [drivecore-api] [restartedMain] .e.DevToolsPropertyDefaultsPostProcessor : Devtools property defaults active! Set 'spring.devtools.add-properties' to 'false' to disable
2026-09-07T11:38:03.290-03:00  INFO 22284 --- [drivecore-api] [restartedMain] .e.DevToolsPropertyDefaultsPostProcessor : For additional web related logging consider setting the 'logging.level.web' property to 'DEBUG'
2026-09-07T11:38:04.138-03:00  INFO 22284 --- [drivecore-api] [restartedMain] .s.d.r.c.RepositoryConfigurationDelegate : Bootstrapping Spring Data JPA repositories in DEFAULT mode.
2026-09-07T11:38:04.185-03:00  INFO 22284 --- [drivecore-api] [restartedMain] .s.d.r.c.RepositoryConfigurationDelegate : Finished Spring Data repository scanning in 37 ms. Found 2 JPA repository interfaces.
2026-09-07T11:38:05.002-03:00  INFO 22284 --- [drivecore-api] [restartedMain] o.s.boot.tomcat.TomcatWebServer          : Tomcat initialized with port 8080 (http)
2026-09-07T11:38:05.034-03:00  INFO 22284 --- [drivecore-api] [restartedMain] o.apache.catalina.core.StandardService   : Starting service [Tomcat]
2026-09-07T11:38:05.034-03:00  INFO 22284 --- [drivecore-api] [restartedMain] o.apache.catalina.core.StandardEngine    : Starting Servlet engine: [Apache Tomcat/11.0.24]
2026-09-07T11:38:05.081-03:00  INFO 22284 --- [drivecore-api] [restartedMain] b.w.c.s.WebApplicationContextInitializer : Root WebApplicationContext: initialization completed in 1791 ms
2026-09-07T11:38:05.411-03:00  INFO 22284 --- [drivecore-api] [restartedMain] org.hibernate.orm.jpa                    : HHH008540: Processing PersistenceUnitInfo [name: default]
2026-09-07T11:38:05.584-03:00  INFO 22284 --- [drivecore-api] [restartedMain] org.hibernate.orm.core                   : HHH000001: Hibernate ORM core version 7.4.5.Final
2026-09-07T11:38:05.929-03:00  INFO 22284 --- [drivecore-api] [restartedMain] o.s.o.j.p.SpringPersistenceUnitInfo      : No LoadTimeWeaver setup: ignoring JPA class transformer
2026-09-07T11:38:05.961-03:00  INFO 22284 --- [drivecore-api] [restartedMain] com.zaxxer.hikari.HikariDataSource       : HikariPool-1 - Starting...
2026-09-07T11:38:06.071-03:00  INFO 22284 --- [drivecore-api] [restartedMain] com.zaxxer.hikari.pool.HikariPool        : HikariPool-1 - Added connection org.postgresql.jdbc.PgConnection@60faf920
2026-09-07T11:38:06.071-03:00  INFO 22284 --- [drivecore-api] [restartedMain] com.zaxxer.hikari.HikariDataSource       : HikariPool-1 - Start completed.
2026-09-07T11:38:06.133-03:00  INFO 22284 --- [drivecore-api] [restartedMain] org.hibernate.orm.connections.pooling    : HHH10001005: Database info:
	Database JDBC URL [jdbc:postgresql://localhost:5432/drivecore]
	Database driver: PostgreSQL JDBC Driver
	Database dialect: PostgreSQLDialect
	Database version: 14.23
	Default catalog/schema: drivecore/public
	Autocommit mode: undefined/unknown
	Isolation level: READ_COMMITTED [default READ_COMMITTED]
	JDBC fetch size: none
	Pool: DataSourceConnectionProvider
	Minimum pool size: undefined/unknown
	Maximum pool size: undefined/unknown
2026-09-07T11:38:06.849-03:00  INFO 22284 --- [drivecore-api] [restartedMain] org.hibernate.orm.core                   : HHH000489: No JTA platform available (set 'hibernate.transaction.jta.platform' to enable JTA platform integration)
2026-09-07T11:38:06.897-03:00  INFO 22284 --- [drivecore-api] [restartedMain] j.LocalContainerEntityManagerFactoryBean : Initialized JPA EntityManagerFactory for persistence unit 'default'
2026-09-07T11:38:06.961-03:00  INFO 22284 --- [drivecore-api] [restartedMain] o.s.d.j.r.query.QueryEnhancerFactories   : Hibernate is in classpath; If applicable, HQL parser will be used.
2026-09-07T11:38:07.181-03:00  WARN 22284 --- [drivecore-api] [restartedMain] JpaBaseConfiguration$JpaWebConfiguration : spring.jpa.open-in-view is enabled by default. Therefore, database queries may be performed during view rendering. Explicitly configure spring.jpa.open-in-view to disable this warning
2026-09-07T11:38:07.589-03:00  INFO 22284 --- [drivecore-api] [restartedMain] o.s.boot.tomcat.TomcatWebServer          : Tomcat started on port 8080 (http) with context path '/'
2026-09-07T11:38:07.605-03:00  INFO 22284 --- [drivecore-api] [restartedMain] i.r.d.DrivecoreApiApplication            : Started DrivecoreApiApplication in 4.797 seconds (process running for 5.2)
2026-09-07T11:38:07.605-03:00  WARN 22284 --- [drivecore-api] [restartedMain] o.s.core.events.SpringDocAppInitializer  : SpringDoc /v3/api-docs endpoint is enabled by default. To disable it in production, set the property 'springdoc.api-docs.enabled=false'
2026-09-07T11:38:07.605-03:00  WARN 22284 --- [drivecore-api] [restartedMain] o.s.core.events.SpringDocAppInitializer  : SpringDoc /swagger-ui.html endpoint is enabled by default. To disable it in production, set the property 'springdoc.swagger-ui.enabled=false'
2026-09-07T11:38:15.898-03:00  INFO 22284 --- [drivecore-api] [http-nio-8080-exec-1] o.a.c.c.C.[Tomcat].[localhost].[/]       : Initializing Spring DispatcherServlet 'dispatcherServlet'
2026-09-07T11:38:15.899-03:00  INFO 22284 --- [drivecore-api] [http-nio-8080-exec-1] o.s.web.servlet.DispatcherServlet        : Initializing Servlet 'dispatcherServlet'
2026-09-07T11:38:15.899-03:00  INFO 22284 --- [drivecore-api] [http-nio-8080-exec-1] o.s.web.servlet.DispatcherServlet        : Completed initialization in 0 ms
2026-09-07T11:49:26.305-03:00  INFO 22284 --- [drivecore-api] [SpringApplicationShutdownHook] o.s.boot.tomcat.GracefulShutdown         : Commencing graceful shutdown. Waiting for active requests to complete
2026-09-07T11:49:26.305-03:00  INFO 22284 --- [drivecore-api] [tomcat-shutdown] o.s.boot.tomcat.GracefulShutdown         : Graceful shutdown complete
2026-09-07T11:49:26.305-03:00  INFO 22284 --- [drivecore-api] [SpringApplicationShutdownHook] j.LocalContainerEntityManagerFactoryBean : Closing JPA EntityManagerFactory for persistence unit 'default'
2026-09-07T11:49:26.305-03:00  INFO 22284 --- [drivecore-api] [SpringApplicationShutdownHook] com.zaxxer.hikari.HikariDataSource       : HikariPool-1 - Shutdown initiated...
2026-09-07T11:49:26.305-03:00  INFO 22284 --- [drivecore-api] [SpringApplicationShutdownHook] com.zaxxer.hikari.HikariDataSource       : HikariPool-1 - Shutdown completed.
2026-09-07T11:49:29.037-03:00  INFO 25576 --- [drivecore-api] [restartedMain] i.r.d.DrivecoreApiApplication            : Starting DrivecoreApiApplication using Java 21.0.11 with PID 25576 (C:\Users\Diego\Desktop\Desafio Técnico\drivecore-api\target\classes started by Diego in C:\Users\Diego\Desktop\Desafio Técnico\drivecore-api)
2026-09-07T11:49:29.053-03:00 DEBUG 25576 --- [drivecore-api] [restartedMain] i.r.d.DrivecoreApiApplication            : Running with Spring Boot v4.1.1, Spring v7.0.9
2026-09-07T11:49:29.053-03:00  INFO 25576 --- [drivecore-api] [restartedMain] i.r.d.DrivecoreApiApplication            : No active profile set, falling back to 1 default profile: "default"
2026-09-07T11:49:33.022-03:00  WARN 25576 --- [drivecore-api] [restartedMain] JpaBaseConfiguration$JpaWebConfiguration : spring.jpa.open-in-view is enabled by default. Therefore, database queries may be performed during view rendering. Explicitly configure spring.jpa.open-in-view to disable this warning
2026-09-07T11:49:33.171-03:00 DEBUG 25576 --- [drivecore-api] [restartedMain] s.w.s.m.m.a.RequestMappingHandlerMapping : 16 mappings in 'requestMappingHandlerMapping'
2026-09-07T11:49:33.218-03:00 DEBUG 25576 --- [drivecore-api] [restartedMain] o.s.w.s.handler.SimpleUrlHandlerMapping  : Patterns [/webjars/**, /**, /swagger-ui/**, /swagger-ui/*index.html, /swagger-ui/*swagger-initializer.js, /webjars/*swagger-ui/**, /webjars/*swagger-ui/*index.html, /webjars/*swagger-ui/5.32.11/*index.html, /webjars/*swagger-ui/*swagger-initializer.js, /webjars/*swagger-ui/5.32.11/*swagger-initializer.js] in 'resourceHandlerMapping'
2026-09-07T11:49:33.249-03:00 DEBUG 25576 --- [drivecore-api] [restartedMain] s.w.s.m.m.a.RequestMappingHandlerAdapter : ControllerAdvice beans: 0 @ModelAttribute, 0 @InitBinder, 2 RequestBodyAdvice, 1 ResponseBodyAdvice
2026-09-07T11:49:33.281-03:00 DEBUG 25576 --- [drivecore-api] [restartedMain] .m.m.a.ExceptionHandlerExceptionResolver : ControllerAdvice beans: 2 @ExceptionHandler, 1 ResponseBodyAdvice
2026-09-07T11:49:33.457-03:00  INFO 25576 --- [drivecore-api] [restartedMain] i.r.d.DrivecoreApiApplication            : Started DrivecoreApiApplication in 4.838 seconds (process running for 5.244)
2026-09-07T11:49:33.457-03:00  WARN 25576 --- [drivecore-api] [restartedMain] o.s.core.events.SpringDocAppInitializer  : SpringDoc /v3/api-docs endpoint is enabled by default. To disable it in production, set the property 'springdoc.api-docs.enabled=false'
2026-09-07T11:49:33.457-03:00  WARN 25576 --- [drivecore-api] [restartedMain] o.s.core.events.SpringDocAppInitializer  : SpringDoc /swagger-ui.html endpoint is enabled by default. To disable it in production, set the property 'springdoc.swagger-ui.enabled=false'
2026-09-07T11:49:37.227-03:00  INFO 11280 --- [drivecore-api] [restartedMain] i.r.d.DrivecoreApiApplication            : Starting DrivecoreApiApplication using Java 21.0.11 with PID 11280 (C:\Users\Diego\Desktop\Desafio Técnico\drivecore-api\target\classes started by Diego in C:\Users\Diego\Desktop\Desafio Técnico\drivecore-api)
2026-09-07T11:49:37.234-03:00 DEBUG 11280 --- [drivecore-api] [restartedMain] i.r.d.DrivecoreApiApplication            : Running with Spring Boot v4.1.1, Spring v7.0.9
2026-09-07T11:49:37.234-03:00  INFO 11280 --- [drivecore-api] [restartedMain] i.r.d.DrivecoreApiApplication            : No active profile set, falling back to 1 default profile: "default"
2026-09-07T11:49:41.003-03:00  WARN 11280 --- [drivecore-api] [restartedMain] JpaBaseConfiguration$JpaWebConfiguration : spring.jpa.open-in-view is enabled by default. Therefore, database queries may be performed during view rendering. Explicitly configure spring.jpa.open-in-view to disable this warning
2026-09-07T11:49:41.128-03:00 DEBUG 11280 --- [drivecore-api] [restartedMain] s.w.s.m.m.a.RequestMappingHandlerMapping : 16 mappings in 'requestMappingHandlerMapping'
2026-09-07T11:49:41.160-03:00 DEBUG 11280 --- [drivecore-api] [restartedMain] o.s.w.s.handler.SimpleUrlHandlerMapping  : Patterns [/webjars/**, /**, /swagger-ui/**, /swagger-ui/*index.html, /swagger-ui/*swagger-initializer.js, /webjars/*swagger-ui/**, /webjars/*swagger-ui/*index.html, /webjars/*swagger-ui/5.32.11/*index.html, /webjars/*swagger-ui/*swagger-initializer.js, /webjars/*swagger-ui/5.32.11/*swagger-initializer.js] in 'resourceHandlerMapping'
2026-09-07T11:49:41.175-03:00 DEBUG 11280 --- [drivecore-api] [restartedMain] s.w.s.m.m.a.RequestMappingHandlerAdapter : ControllerAdvice beans: 0 @ModelAttribute, 0 @InitBinder, 2 RequestBodyAdvice, 1 ResponseBodyAdvice
2026-09-07T11:49:41.222-03:00 DEBUG 11280 --- [drivecore-api] [restartedMain] .m.m.a.ExceptionHandlerExceptionResolver : ControllerAdvice beans: 2 @ExceptionHandler, 1 ResponseBodyAdvice
2026-09-07T11:49:41.379-03:00  INFO 11280 --- [drivecore-api] [restartedMain] i.r.d.DrivecoreApiApplication            : Started DrivecoreApiApplication in 4.582 seconds (process running for 4.981)
2026-09-07T11:49:41.395-03:00  WARN 11280 --- [drivecore-api] [restartedMain] o.s.core.events.SpringDocAppInitializer  : SpringDoc /v3/api-docs endpoint is enabled by default. To disable it in production, set the property 'springdoc.api-docs.enabled=false'
2026-09-07T11:49:41.395-03:00  WARN 11280 --- [drivecore-api] [restartedMain] o.s.core.events.SpringDocAppInitializer  : SpringDoc /swagger-ui.html endpoint is enabled by default. To disable it in production, set the property 'springdoc.swagger-ui.enabled=false'
2026-09-07T11:50:09.912-03:00  INFO 11280 --- [drivecore-api] [http-nio-8080-exec-1] o.s.web.servlet.DispatcherServlet        : Initializing Servlet 'dispatcherServlet'
2026-09-07T11:50:09.912-03:00 DEBUG 11280 --- [drivecore-api] [http-nio-8080-exec-1] o.s.web.servlet.DispatcherServlet        : Detected StandardServletMultipartResolver
2026-09-07T11:50:09.912-03:00 DEBUG 11280 --- [drivecore-api] [http-nio-8080-exec-1] o.s.web.servlet.DispatcherServlet        : Detected AcceptHeaderLocaleResolver
2026-09-07T11:50:09.912-03:00 DEBUG 11280 --- [drivecore-api] [http-nio-8080-exec-1] o.s.web.servlet.DispatcherServlet        : Detected org.springframework.web.servlet.view.DefaultRequestToViewNameTranslator@396d3740
2026-09-07T11:50:09.912-03:00 DEBUG 11280 --- [drivecore-api] [http-nio-8080-exec-1] o.s.web.servlet.DispatcherServlet        : Detected org.springframework.web.servlet.support.SessionFlashMapManager@34b0af1c
2026-09-07T11:50:09.912-03:00 DEBUG 11280 --- [drivecore-api] [http-nio-8080-exec-1] o.s.web.servlet.DispatcherServlet        : enableLoggingRequestDetails='false': request parameters and headers will be masked to prevent unsafe logging of potentially sensitive data
2026-09-07T11:50:09.912-03:00  INFO 11280 --- [drivecore-api] [http-nio-8080-exec-1] o.s.web.servlet.DispatcherServlet        : Completed initialization in 0 ms
2026-09-07T11:50:09.912-03:00 DEBUG 11280 --- [drivecore-api] [http-nio-8080-exec-1] o.s.web.servlet.DispatcherServlet        : GET "/swagger-ui/index.html", parameters={}
2026-09-07T11:50:09.912-03:00 DEBUG 11280 --- [drivecore-api] [http-nio-8080-exec-1] o.s.w.s.handler.SimpleUrlHandlerMapping  : Mapped to ResourceHttpRequestHandler [classpath [META-INF/resources/webjars/swagger-ui/5.32.11/]]
2026-09-07T11:50:09.944-03:00 DEBUG 11280 --- [drivecore-api] [http-nio-8080-exec-1] o.s.web.servlet.DispatcherServlet        : Completed 200 OK
2026-09-07T11:50:09.947-03:00 DEBUG 11280 --- [drivecore-api] [http-nio-8080-exec-3] o.s.web.servlet.DispatcherServlet        : GET "/swagger-ui/swagger-initializer.js", parameters={}
2026-09-07T11:50:09.947-03:00 DEBUG 11280 --- [drivecore-api] [http-nio-8080-exec-3] o.s.w.s.handler.SimpleUrlHandlerMapping  : Mapped to ResourceHttpRequestHandler [classpath [META-INF/resources/webjars/swagger-ui/5.32.11/]]
2026-09-07T11:50:09.973-03:00 DEBUG 11280 --- [drivecore-api] [http-nio-8080-exec-3] o.s.web.servlet.DispatcherServlet        : Completed 200 OK
2026-09-07T11:50:09.993-03:00 DEBUG 11280 --- [drivecore-api] [http-nio-8080-exec-2] o.s.web.servlet.DispatcherServlet        : GET "/v3/api-docs/swagger-config", parameters={}
2026-09-07T11:50:09.995-03:00 DEBUG 11280 --- [drivecore-api] [http-nio-8080-exec-2] s.w.s.m.m.a.RequestMappingHandlerMapping : Mapped to org.springdoc.webmvc.ui.SwaggerConfigResource#openapiJson(HttpServletRequest)
2026-09-07T11:50:09.995-03:00 DEBUG 11280 --- [drivecore-api] [http-nio-8080-exec-2] m.m.a.RequestResponseBodyMethodProcessor : Using 'application/json', given [*/*] and supported [application/json]
2026-09-07T11:50:09.995-03:00 DEBUG 11280 --- [drivecore-api] [http-nio-8080-exec-2] m.m.a.RequestResponseBodyMethodProcessor : Writing [{configUrl=/v3/api-docs/swagger-config, oauth2RedirectUrl=http://localhost:8080/swagger-ui/oauth2-re (truncated)...]
2026-09-07T11:50:10.028-03:00 DEBUG 11280 --- [drivecore-api] [http-nio-8080-exec-2] o.s.web.servlet.DispatcherServlet        : Completed 200 OK
2026-09-07T11:50:10.028-03:00 DEBUG 11280 --- [drivecore-api] [http-nio-8080-exec-4] o.s.web.servlet.DispatcherServlet        : GET "/v3/api-docs", parameters={}
2026-09-07T11:50:10.028-03:00 DEBUG 11280 --- [drivecore-api] [http-nio-8080-exec-4] s.w.s.m.m.a.RequestMappingHandlerMapping : Mapped to org.springdoc.webmvc.api.OpenApiWebMvcResource#openapiJson(HttpServletRequest, String, Locale)
2026-09-07T11:50:10.261-03:00 DEBUG 11280 --- [drivecore-api] [http-nio-8080-exec-4] m.m.a.RequestResponseBodyMethodProcessor : Using 'application/json', given [application/json, */*] and supported [application/json]
2026-09-07T11:50:10.261-03:00 DEBUG 11280 --- [drivecore-api] [http-nio-8080-exec-4] m.m.a.RequestResponseBodyMethodProcessor : Writing [{7b226f70656e617069223a22332e312e30222c22696e666f223a7b227469746c65223a22436f6e63657373696f6ec3a1726 (truncated)...]
2026-09-07T11:50:10.261-03:00 DEBUG 11280 --- [drivecore-api] [http-nio-8080-exec-4] o.s.web.servlet.DispatcherServlet        : Completed 200 OK
2026-09-07T11:50:26.351-03:00 DEBUG 11280 --- [drivecore-api] [http-nio-8080-exec-5] o.s.web.servlet.DispatcherServlet        : GET "/vehicles/1", parameters={}
2026-09-07T11:50:26.352-03:00 DEBUG 11280 --- [drivecore-api] [http-nio-8080-exec-5] s.w.s.m.m.a.RequestMappingHandlerMapping : Mapped to io.romulogomesbsi.drivecore_api.controller.CarroController#buscarPorId(Long)
2026-09-07T11:50:26.445-03:00 DEBUG 11280 --- [drivecore-api] [http-nio-8080-exec-5] o.s.w.s.m.m.a.HttpEntityMethodProcessor  : Using 'application/json', given [*/*] and supported [application/json, application/*+json, application/yaml]
2026-09-07T11:50:26.445-03:00 DEBUG 11280 --- [drivecore-api] [http-nio-8080-exec-5] o.s.w.s.m.m.a.HttpEntityMethodProcessor  : Writing [io.romulogomesbsi.drivecore_api.dto.carro.CarroResponse@1c949605]
2026-09-07T11:50:26.479-03:00 DEBUG 11280 --- [drivecore-api] [http-nio-8080-exec-5] o.s.web.servlet.DispatcherServlet        : Completed 200 OK
2026-09-07T11:51:21.529-03:00 DEBUG 11280 --- [drivecore-api] [http-nio-8080-exec-7] o.s.web.servlet.DispatcherServlet        : PUT "/vehicles/3", parameters={}
2026-09-07T11:51:21.530-03:00 DEBUG 11280 --- [drivecore-api] [http-nio-8080-exec-7] s.w.s.m.m.a.RequestMappingHandlerMapping : Mapped to io.romulogomesbsi.drivecore_api.controller.CarroController#atualizar(Long, CarroRequest)
2026-09-07T11:51:21.559-03:00 DEBUG 11280 --- [drivecore-api] [http-nio-8080-exec-7] m.m.a.RequestResponseBodyMethodProcessor : Read "application/json;charset=UTF-8" to [io.romulogomesbsi.drivecore_api.dto.carro.CarroRequest@4c43dbc7]
2026-09-07T11:51:21.559-03:00  INFO 11280 --- [drivecore-api] [http-nio-8080-exec-7] i.r.d.controller.CarroController         : Atualizando carro 3ToyotaCorolla Docker
2026-09-07T11:51:21.593-03:00  WARN 11280 --- [drivecore-api] [http-nio-8080-exec-7] org.hibernate.orm.jdbc.error             : HHH000247: ErrorCode: 0, SQLState: 23505
2026-09-07T11:51:21.608-03:00  WARN 11280 --- [drivecore-api] [http-nio-8080-exec-7] org.hibernate.orm.jdbc.error             : ERROR: duplicate key value violates unique constraint "ukcatkbaymoe8g2ffhxlsch09rb"
  Detalhe: Key (chassi)=(DOCKER-TOYOTA-001) already exists.
2026-09-07T11:51:21.609-03:00 DEBUG 11280 --- [drivecore-api] [http-nio-8080-exec-7] .m.m.a.ExceptionHandlerExceptionResolver : Using @ExceptionHandler io.romulogomesbsi.drivecore_api.exception.GlobalExceptionHandler#handleDataIntegrityViolation(DataIntegrityViolationException)
2026-09-07T11:51:21.609-03:00 DEBUG 11280 --- [drivecore-api] [http-nio-8080-exec-7] o.s.w.s.m.m.a.HttpEntityMethodProcessor  : Using 'application/json', given [*/*] and supported [application/json, application/*+json, application/yaml]
2026-09-07T11:51:21.609-03:00 DEBUG 11280 --- [drivecore-api] [http-nio-8080-exec-7] o.s.w.s.m.m.a.HttpEntityMethodProcessor  : Writing [{message=Já existe uma concessionária cadastrada com este CNPJ., status=409}]
2026-09-07T11:51:21.609-03:00  WARN 11280 --- [drivecore-api] [http-nio-8080-exec-7] .m.m.a.ExceptionHandlerExceptionResolver : Resolved [org.springframework.dao.DataIntegrityViolationException: could not execute statement [ERROR: duplicate key value violates unique constraint "ukcatkbaymoe8g2ffhxlsch09rb"<EOL>  Detalhe: Key (chassi)=(DOCKER-TOYOTA-001) already exists.] [update carros set ano=?,chassi=?,concessionaria_id=?,cor=?,cor_externa=?,marca=?,modelo=?,tipo_combustivel=?,valor=? where id=?]; SQL [update carros set ano=?,chassi=?,concessionaria_id=?,cor=?,cor_externa=?,marca=?,modelo=?,tipo_combustivel=?,valor=? where id=?]; constraint [ukcatkbaymoe8g2ffhxlsch09rb]]
2026-09-07T11:51:21.609-03:00 DEBUG 11280 --- [drivecore-api] [http-nio-8080-exec-7] o.s.web.servlet.DispatcherServlet        : Completed 409 CONFLICT
2026-09-07T11:55:31.751-03:00 DEBUG 11280 --- [drivecore-api] [http-nio-8080-exec-9] o.s.web.servlet.DispatcherServlet        : PUT "/vehicles/3", parameters={}
2026-09-07T11:55:31.752-03:00 DEBUG 11280 --- [drivecore-api] [http-nio-8080-exec-9] s.w.s.m.m.a.RequestMappingHandlerMapping : Mapped to io.romulogomesbsi.drivecore_api.controller.CarroController#atualizar(Long, CarroRequest)
2026-09-07T11:55:31.753-03:00 DEBUG 11280 --- [drivecore-api] [http-nio-8080-exec-9] m.m.a.RequestResponseBodyMethodProcessor : Read "application/json;charset=UTF-8" to [io.romulogomesbsi.drivecore_api.dto.carro.CarroRequest@5843825b]
2026-09-07T11:55:31.753-03:00  INFO 11280 --- [drivecore-api] [http-nio-8080-exec-9] i.r.d.controller.CarroController         : Atualizando carro 3ToyotaCorolla Docker
2026-09-07T11:55:31.758-03:00  WARN 11280 --- [drivecore-api] [http-nio-8080-exec-9] org.hibernate.orm.jdbc.error             : HHH000247: ErrorCode: 0, SQLState: 23505
2026-09-07T11:55:31.758-03:00  WARN 11280 --- [drivecore-api] [http-nio-8080-exec-9] org.hibernate.orm.jdbc.error             : ERROR: duplicate key value violates unique constraint "ukcatkbaymoe8g2ffhxlsch09rb"
  Detalhe: Key (chassi)=(DOCKER-TOYOTA-001) already exists.
2026-09-07T11:55:31.759-03:00 DEBUG 11280 --- [drivecore-api] [http-nio-8080-exec-9] .m.m.a.ExceptionHandlerExceptionResolver : Using @ExceptionHandler io.romulogomesbsi.drivecore_api.exception.GlobalExceptionHandler#handleDataIntegrityViolation(DataIntegrityViolationException)
2026-09-07T11:55:31.759-03:00 DEBUG 11280 --- [drivecore-api] [http-nio-8080-exec-9] o.s.w.s.m.m.a.HttpEntityMethodProcessor  : Using 'application/json', given [*/*] and supported [application/json, application/*+json, application/yaml]
2026-09-07T11:55:31.759-03:00 DEBUG 11280 --- [drivecore-api] [http-nio-8080-exec-9] o.s.w.s.m.m.a.HttpEntityMethodProcessor  : Writing [{message=Já existe uma concessionária cadastrada com este CNPJ., status=409}]
2026-09-07T11:55:31.759-03:00  WARN 11280 --- [drivecore-api] [http-nio-8080-exec-9] .m.m.a.ExceptionHandlerExceptionResolver : Resolved [org.springframework.dao.DataIntegrityViolationException: could not execute statement [ERROR: duplicate key value violates unique constraint "ukcatkbaymoe8g2ffhxlsch09rb"<EOL>  Detalhe: Key (chassi)=(DOCKER-TOYOTA-001) already exists.] [update carros set ano=?,chassi=?,concessionaria_id=?,cor=?,cor_externa=?,marca=?,modelo=?,tipo_combustivel=?,valor=? where id=?]; SQL [update carros set ano=?,chassi=?,concessionaria_id=?,cor=?,cor_externa=?,marca=?,modelo=?,tipo_combustivel=?,valor=? where id=?]; constraint [ukcatkbaymoe8g2ffhxlsch09rb]]
2026-09-07T11:55:31.759-03:00 DEBUG 11280 --- [drivecore-api] [http-nio-8080-exec-9] o.s.web.servlet.DispatcherServlet        : Completed 409 CONFLICT
2026-09-07T11:55:48.033-03:00 DEBUG 11280 --- [drivecore-api] [http-nio-8080-exec-10] o.s.web.servlet.DispatcherServlet        : GET "/vehicles/3", parameters={}
2026-09-07T11:55:48.034-03:00 DEBUG 11280 --- [drivecore-api] [http-nio-8080-exec-10] s.w.s.m.m.a.RequestMappingHandlerMapping : Mapped to io.romulogomesbsi.drivecore_api.controller.CarroController#buscarPorId(Long)
2026-09-07T11:55:48.036-03:00 DEBUG 11280 --- [drivecore-api] [http-nio-8080-exec-10] o.s.w.s.m.m.a.HttpEntityMethodProcessor  : Using 'application/json', given [*/*] and supported [application/json, application/*+json, application/yaml]
2026-09-07T11:55:48.036-03:00 DEBUG 11280 --- [drivecore-api] [http-nio-8080-exec-10] o.s.w.s.m.m.a.HttpEntityMethodProcessor  : Writing [io.romulogomesbsi.drivecore_api.dto.carro.CarroResponse@1802b24d]
2026-09-07T11:55:48.036-03:00 DEBUG 11280 --- [drivecore-api] [http-nio-8080-exec-10] o.s.web.servlet.DispatcherServlet        : Completed 200 OK
2026-09-07T11:55:58.879-03:00 DEBUG 11280 --- [drivecore-api] [http-nio-8080-exec-1] o.s.web.servlet.DispatcherServlet        : GET "/vehicles/1", parameters={}
2026-09-07T11:55:58.880-03:00 DEBUG 11280 --- [drivecore-api] [http-nio-8080-exec-1] s.w.s.m.m.a.RequestMappingHandlerMapping : Mapped to io.romulogomesbsi.drivecore_api.controller.CarroController#buscarPorId(Long)
2026-09-07T11:55:58.882-03:00 DEBUG 11280 --- [drivecore-api] [http-nio-8080-exec-1] o.s.w.s.m.m.a.HttpEntityMethodProcessor  : Using 'application/json', given [*/*] and supported [application/json, application/*+json, application/yaml]
2026-09-07T11:55:58.882-03:00 DEBUG 11280 --- [drivecore-api] [http-nio-8080-exec-1] o.s.w.s.m.m.a.HttpEntityMethodProcessor  : Writing [io.romulogomesbsi.drivecore_api.dto.carro.CarroResponse@20c52ed2]
2026-09-07T11:55:58.882-03:00 DEBUG 11280 --- [drivecore-api] [http-nio-8080-exec-1] o.s.web.servlet.DispatcherServlet        : Completed 200 OK
2026-09-07T11:56:04.566-03:00 DEBUG 11280 --- [drivecore-api] [http-nio-8080-exec-3] o.s.web.servlet.DispatcherServlet        : PUT "/vehicles/1", parameters={}
2026-09-07T11:56:04.566-03:00 DEBUG 11280 --- [drivecore-api] [http-nio-8080-exec-3] s.w.s.m.m.a.RequestMappingHandlerMapping : Mapped to io.romulogomesbsi.drivecore_api.controller.CarroController#atualizar(Long, CarroRequest)
2026-09-07T11:56:04.567-03:00 DEBUG 11280 --- [drivecore-api] [http-nio-8080-exec-3] m.m.a.RequestResponseBodyMethodProcessor : Read "application/json;charset=UTF-8" to [io.romulogomesbsi.drivecore_api.dto.carro.CarroRequest@20685322]
2026-09-07T11:56:04.568-03:00  INFO 11280 --- [drivecore-api] [http-nio-8080-exec-3] i.r.d.controller.CarroController         : Atualizando carro 1ToyotaCorolla Docker
2026-09-07T11:56:04.568-03:00 DEBUG 11280 --- [drivecore-api] [http-nio-8080-exec-3] o.s.w.s.m.m.a.HttpEntityMethodProcessor  : Using 'application/json', given [*/*] and supported [application/json, application/*+json, application/yaml]
2026-09-07T11:56:04.568-03:00 DEBUG 11280 --- [drivecore-api] [http-nio-8080-exec-3] o.s.w.s.m.m.a.HttpEntityMethodProcessor  : Writing [io.romulogomesbsi.drivecore_api.dto.carro.CarroResponse@2403d7e5]
2026-09-07T11:56:04.568-03:00 DEBUG 11280 --- [drivecore-api] [http-nio-8080-exec-3] o.s.web.servlet.DispatcherServlet        : Completed 200 OK
2026-09-07T11:56:23.239-03:00 DEBUG 11280 --- [drivecore-api] [http-nio-8080-exec-2] o.s.web.servlet.DispatcherServlet        : GET "/vehicles/1", parameters={}
2026-09-07T11:56:23.240-03:00 DEBUG 11280 --- [drivecore-api] [http-nio-8080-exec-2] s.w.s.m.m.a.RequestMappingHandlerMapping : Mapped to io.romulogomesbsi.drivecore_api.controller.CarroController#buscarPorId(Long)
2026-09-07T11:56:23.242-03:00 DEBUG 11280 --- [drivecore-api] [http-nio-8080-exec-2] o.s.w.s.m.m.a.HttpEntityMethodProcessor  : Using 'application/json', given [*/*] and supported [application/json, application/*+json, application/yaml]
2026-09-07T11:56:23.242-03:00 DEBUG 11280 --- [drivecore-api] [http-nio-8080-exec-2] o.s.w.s.m.m.a.HttpEntityMethodProcessor  : Writing [io.romulogomesbsi.drivecore_api.dto.carro.CarroResponse@5c6d5f7e]
2026-09-07T11:56:23.242-03:00 DEBUG 11280 --- [drivecore-api] [http-nio-8080-exec-2] o.s.web.servlet.DispatcherServlet        : Completed 200 OK
2026-09-07T11:56:35.025-03:00 DEBUG 11280 --- [drivecore-api] [http-nio-8080-exec-4] o.s.web.servlet.DispatcherServlet        : PUT "/vehicles/1", parameters={}
2026-09-07T11:56:35.025-03:00 DEBUG 11280 --- [drivecore-api] [http-nio-8080-exec-4] s.w.s.m.m.a.RequestMappingHandlerMapping : Mapped to io.romulogomesbsi.drivecore_api.controller.CarroController#atualizar(Long, CarroRequest)
2026-09-07T11:56:35.027-03:00 DEBUG 11280 --- [drivecore-api] [http-nio-8080-exec-4] m.m.a.RequestResponseBodyMethodProcessor : Read "application/json;charset=UTF-8" to [io.romulogomesbsi.drivecore_api.dto.carro.CarroRequest@5b439cc2]
2026-09-07T11:56:35.027-03:00  INFO 11280 --- [drivecore-api] [http-nio-8080-exec-4] i.r.d.controller.CarroController         : Atualizando carro 1ToyotaCorolla Docker
2026-09-07T11:56:35.027-03:00 DEBUG 11280 --- [drivecore-api] [http-nio-8080-exec-4] o.s.w.s.m.m.a.HttpEntityMethodProcessor  : Using 'application/json', given [*/*] and supported [application/json, application/*+json, application/yaml]
2026-09-07T11:56:35.027-03:00 DEBUG 11280 --- [drivecore-api] [http-nio-8080-exec-4] o.s.w.s.m.m.a.HttpEntityMethodProcessor  : Writing [io.romulogomesbsi.drivecore_api.dto.carro.CarroResponse@1ed52d76]
2026-09-07T11:56:35.027-03:00 DEBUG 11280 --- [drivecore-api] [http-nio-8080-exec-4] o.s.web.servlet.DispatcherServlet        : Completed 200 OK
2026-09-07T11:56:42.891-03:00 DEBUG 11280 --- [drivecore-api] [http-nio-8080-exec-5] o.s.web.servlet.DispatcherServlet        : GET "/vehicles/1", parameters={}
2026-09-07T11:56:42.892-03:00 DEBUG 11280 --- [drivecore-api] [http-nio-8080-exec-5] s.w.s.m.m.a.RequestMappingHandlerMapping : Mapped to io.romulogomesbsi.drivecore_api.controller.CarroController#buscarPorId(Long)
2026-09-07T11:56:42.895-03:00 DEBUG 11280 --- [drivecore-api] [http-nio-8080-exec-5] o.s.w.s.m.m.a.HttpEntityMethodProcessor  : Using 'application/json', given [*/*] and supported [application/json, application/*+json, application/yaml]
2026-09-07T11:56:42.895-03:00 DEBUG 11280 --- [drivecore-api] [http-nio-8080-exec-5] o.s.w.s.m.m.a.HttpEntityMethodProcessor  : Writing [io.romulogomesbsi.drivecore_api.dto.carro.CarroResponse@335f010b]
2026-09-07T11:56:42.895-03:00 DEBUG 11280 --- [drivecore-api] [http-nio-8080-exec-5] o.s.web.servlet.DispatcherServlet        : Completed 200 OK
2026-09-07T11:58:28.968-03:00  INFO 12572 --- [drivecore-api] [restartedMain] i.r.d.DrivecoreApiApplication            : Starting DrivecoreApiApplication using Java 21.0.11 with PID 12572 (C:\Users\Diego\Desktop\Desafio Técnico\drivecore-api\target\classes started by Diego in C:\Users\Diego\Desktop\Desafio Técnico\drivecore-api)
2026-09-07T11:58:28.968-03:00 DEBUG 12572 --- [drivecore-api] [restartedMain] i.r.d.DrivecoreApiApplication            : Running with Spring Boot v4.1.1, Spring v7.0.9
2026-09-07T11:58:28.968-03:00  INFO 12572 --- [drivecore-api] [restartedMain] i.r.d.DrivecoreApiApplication            : No active profile set, falling back to 1 default profile: "default"
2026-09-07T11:58:32.739-03:00  WARN 12572 --- [drivecore-api] [restartedMain] JpaBaseConfiguration$JpaWebConfiguration : spring.jpa.open-in-view is enabled by default. Therefore, database queries may be performed during view rendering. Explicitly configure spring.jpa.open-in-view to disable this warning
2026-09-07T11:58:32.865-03:00 DEBUG 12572 --- [drivecore-api] [restartedMain] s.w.s.m.m.a.RequestMappingHandlerMapping : 16 mappings in 'requestMappingHandlerMapping'
2026-09-07T11:58:32.896-03:00 DEBUG 12572 --- [drivecore-api] [restartedMain] o.s.w.s.handler.SimpleUrlHandlerMapping  : Patterns [/webjars/**, /**, /swagger-ui/**, /swagger-ui/*index.html, /swagger-ui/*swagger-initializer.js, /webjars/*swagger-ui/**, /webjars/*swagger-ui/*index.html, /webjars/*swagger-ui/5.32.11/*index.html, /webjars/*swagger-ui/*swagger-initializer.js, /webjars/*swagger-ui/5.32.11/*swagger-initializer.js] in 'resourceHandlerMapping'
2026-09-07T11:58:32.924-03:00 DEBUG 12572 --- [drivecore-api] [restartedMain] s.w.s.m.m.a.RequestMappingHandlerAdapter : ControllerAdvice beans: 0 @ModelAttribute, 0 @InitBinder, 2 RequestBodyAdvice, 1 ResponseBodyAdvice
2026-09-07T11:58:32.950-03:00 DEBUG 12572 --- [drivecore-api] [restartedMain] .m.m.a.ExceptionHandlerExceptionResolver : ControllerAdvice beans: 2 @ExceptionHandler, 1 ResponseBodyAdvice
2026-09-07T11:58:33.107-03:00  INFO 12572 --- [drivecore-api] [restartedMain] i.r.d.DrivecoreApiApplication            : Started DrivecoreApiApplication in 4.571 seconds (process running for 4.955)
2026-09-07T11:58:33.107-03:00  WARN 12572 --- [drivecore-api] [restartedMain] o.s.core.events.SpringDocAppInitializer  : SpringDoc /v3/api-docs endpoint is enabled by default. To disable it in production, set the property 'springdoc.api-docs.enabled=false'
2026-09-07T11:58:33.107-03:00  WARN 12572 --- [drivecore-api] [restartedMain] o.s.core.events.SpringDocAppInitializer  : SpringDoc /swagger-ui.html endpoint is enabled by default. To disable it in production, set the property 'springdoc.swagger-ui.enabled=false'
2026-09-07T11:58:38.115-03:00  INFO 12572 --- [drivecore-api] [http-nio-8080-exec-1] o.s.web.servlet.DispatcherServlet        : Initializing Servlet 'dispatcherServlet'
2026-09-07T11:58:38.115-03:00 DEBUG 12572 --- [drivecore-api] [http-nio-8080-exec-1] o.s.web.servlet.DispatcherServlet        : Detected StandardServletMultipartResolver
2026-09-07T11:58:38.115-03:00 DEBUG 12572 --- [drivecore-api] [http-nio-8080-exec-1] o.s.web.servlet.DispatcherServlet        : Detected AcceptHeaderLocaleResolver
2026-09-07T11:58:38.115-03:00 DEBUG 12572 --- [drivecore-api] [http-nio-8080-exec-1] o.s.web.servlet.DispatcherServlet        : Detected org.springframework.web.servlet.view.DefaultRequestToViewNameTranslator@1da0911
2026-09-07T11:58:38.115-03:00 DEBUG 12572 --- [drivecore-api] [http-nio-8080-exec-1] o.s.web.servlet.DispatcherServlet        : Detected org.springframework.web.servlet.support.SessionFlashMapManager@672a9c6e
2026-09-07T11:58:38.115-03:00 DEBUG 12572 --- [drivecore-api] [http-nio-8080-exec-1] o.s.web.servlet.DispatcherServlet        : enableLoggingRequestDetails='false': request parameters and headers will be masked to prevent unsafe logging of potentially sensitive data
2026-09-07T11:58:38.115-03:00  INFO 12572 --- [drivecore-api] [http-nio-8080-exec-1] o.s.web.servlet.DispatcherServlet        : Completed initialization in 0 ms
2026-09-07T11:58:38.131-03:00 DEBUG 12572 --- [drivecore-api] [http-nio-8080-exec-1] o.s.web.servlet.DispatcherServlet        : GET "/swagger-ui/index.html", parameters={}
2026-09-07T11:58:38.132-03:00 DEBUG 12572 --- [drivecore-api] [http-nio-8080-exec-1] o.s.w.s.handler.SimpleUrlHandlerMapping  : Mapped to ResourceHttpRequestHandler [classpath [META-INF/resources/webjars/swagger-ui/5.32.11/]]
2026-09-07T11:58:38.148-03:00 DEBUG 12572 --- [drivecore-api] [http-nio-8080-exec-1] o.s.web.servlet.DispatcherServlet        : Completed 200 OK
2026-09-07T11:58:38.148-03:00 DEBUG 12572 --- [drivecore-api] [http-nio-8080-exec-3] o.s.web.servlet.DispatcherServlet        : GET "/swagger-ui/swagger-initializer.js", parameters={}
2026-09-07T11:58:38.148-03:00 DEBUG 12572 --- [drivecore-api] [http-nio-8080-exec-3] o.s.w.s.handler.SimpleUrlHandlerMapping  : Mapped to ResourceHttpRequestHandler [classpath [META-INF/resources/webjars/swagger-ui/5.32.11/]]
2026-09-07T11:58:38.186-03:00 DEBUG 12572 --- [drivecore-api] [http-nio-8080-exec-3] o.s.web.servlet.DispatcherServlet        : Completed 200 OK
2026-09-07T11:58:38.213-03:00 DEBUG 12572 --- [drivecore-api] [http-nio-8080-exec-2] o.s.web.servlet.DispatcherServlet        : GET "/v3/api-docs/swagger-config", parameters={}
2026-09-07T11:58:38.215-03:00 DEBUG 12572 --- [drivecore-api] [http-nio-8080-exec-2] s.w.s.m.m.a.RequestMappingHandlerMapping : Mapped to org.springdoc.webmvc.ui.SwaggerConfigResource#openapiJson(HttpServletRequest)
2026-09-07T11:58:38.216-03:00 DEBUG 12572 --- [drivecore-api] [http-nio-8080-exec-4] o.s.web.servlet.DispatcherServlet        : GET "/swagger-ui/favicon-32x32.png", parameters={}
2026-09-07T11:58:38.217-03:00 DEBUG 12572 --- [drivecore-api] [http-nio-8080-exec-4] o.s.w.s.handler.SimpleUrlHandlerMapping  : Mapped to ResourceHttpRequestHandler [classpath [META-INF/resources/webjars/swagger-ui/5.32.11/]]
2026-09-07T11:58:38.221-03:00 DEBUG 12572 --- [drivecore-api] [http-nio-8080-exec-4] o.s.web.servlet.DispatcherServlet        : Completed 304 NOT_MODIFIED
2026-09-07T11:58:38.233-03:00 DEBUG 12572 --- [drivecore-api] [http-nio-8080-exec-2] m.m.a.RequestResponseBodyMethodProcessor : Using 'application/json', given [*/*] and supported [application/json]
2026-09-07T11:58:38.234-03:00 DEBUG 12572 --- [drivecore-api] [http-nio-8080-exec-2] m.m.a.RequestResponseBodyMethodProcessor : Writing [{configUrl=/v3/api-docs/swagger-config, oauth2RedirectUrl=http://localhost:8080/swagger-ui/oauth2-re (truncated)...]
2026-09-07T11:58:38.249-03:00 DEBUG 12572 --- [drivecore-api] [http-nio-8080-exec-2] o.s.web.servlet.DispatcherServlet        : Completed 200 OK
2026-09-07T11:58:38.253-03:00 DEBUG 12572 --- [drivecore-api] [http-nio-8080-exec-9] o.s.web.servlet.DispatcherServlet        : GET "/v3/api-docs", parameters={}
2026-09-07T11:58:38.254-03:00 DEBUG 12572 --- [drivecore-api] [http-nio-8080-exec-9] s.w.s.m.m.a.RequestMappingHandlerMapping : Mapped to org.springdoc.webmvc.api.OpenApiWebMvcResource#openapiJson(HttpServletRequest, String, Locale)
2026-09-07T11:58:38.481-03:00 DEBUG 12572 --- [drivecore-api] [http-nio-8080-exec-9] m.m.a.RequestResponseBodyMethodProcessor : Using 'application/json', given [application/json, */*] and supported [application/json]
2026-09-07T11:58:38.481-03:00 DEBUG 12572 --- [drivecore-api] [http-nio-8080-exec-9] m.m.a.RequestResponseBodyMethodProcessor : Writing [{7b226f70656e617069223a22332e312e30222c22696e666f223a7b227469746c65223a22436f6e63657373696f6ec3a1726 (truncated)...]
2026-09-07T11:58:38.481-03:00 DEBUG 12572 --- [drivecore-api] [http-nio-8080-exec-9] o.s.web.servlet.DispatcherServlet        : Completed 200 OK
2026-09-07T11:58:50.088-03:00 DEBUG 12572 --- [drivecore-api] [http-nio-8080-exec-6] o.s.web.servlet.DispatcherServlet        : GET "/dealer/2", parameters={}
2026-09-07T11:58:50.088-03:00 DEBUG 12572 --- [drivecore-api] [http-nio-8080-exec-6] s.w.s.m.m.a.RequestMappingHandlerMapping : Mapped to io.romulogomesbsi.drivecore_api.controller.ConcessionariaController#buscarPorId(Long)
2026-09-07T11:58:50.131-03:00 DEBUG 12572 --- [drivecore-api] [http-nio-8080-exec-6] o.s.w.s.m.m.a.HttpEntityMethodProcessor  : Using 'application/json', given [*/*] and supported [application/json, application/*+json, application/yaml]
2026-09-07T11:58:50.131-03:00 DEBUG 12572 --- [drivecore-api] [http-nio-8080-exec-6] o.s.w.s.m.m.a.HttpEntityMethodProcessor  : Writing [io.romulogomesbsi.drivecore_api.dto.concessionaria.ConcessionariaResponse@f3a854]
2026-09-07T11:58:50.147-03:00 DEBUG 12572 --- [drivecore-api] [http-nio-8080-exec-6] o.s.web.servlet.DispatcherServlet        : Completed 200 OK
2026-09-07T11:59:23.621-03:00 DEBUG 12572 --- [drivecore-api] [http-nio-8080-exec-7] o.s.web.servlet.DispatcherServlet        : PUT "/dealer/2", parameters={}
2026-09-07T11:59:23.621-03:00 DEBUG 12572 --- [drivecore-api] [http-nio-8080-exec-7] s.w.s.m.m.a.RequestMappingHandlerMapping : Mapped to io.romulogomesbsi.drivecore_api.controller.ConcessionariaController#atualizar(Long, ConcessionariaRequest)
2026-09-07T11:59:23.647-03:00 DEBUG 12572 --- [drivecore-api] [http-nio-8080-exec-7] o.s.web.method.HandlerMethod             : Could not resolve parameter [1] in public org.springframework.http.ResponseEntity<io.romulogomesbsi.drivecore_api.dto.concessionaria.ConcessionariaResponse> io.romulogomesbsi.drivecore_api.controller.ConcessionariaController.atualizar(java.lang.Long,io.romulogomesbsi.drivecore_api.dto.concessionaria.ConcessionariaRequest): JSON parse error: Unexpected character (',' (code 44)): was expecting double-quote to start property name
2026-09-07T11:59:23.647-03:00 DEBUG 12572 --- [drivecore-api] [http-nio-8080-exec-7] .m.m.a.ExceptionHandlerExceptionResolver : Using @ExceptionHandler io.romulogomesbsi.drivecore_api.exception.GlobalExceptionHandler#handleInvalidJson(HttpMessageNotReadableException)
2026-09-07T11:59:23.647-03:00 DEBUG 12572 --- [drivecore-api] [http-nio-8080-exec-7] o.s.w.s.m.m.a.HttpEntityMethodProcessor  : Using 'application/json', given [*/*] and supported [application/json, application/*+json, application/yaml]
2026-09-07T11:59:23.647-03:00 DEBUG 12572 --- [drivecore-api] [http-nio-8080-exec-7] o.s.w.s.m.m.a.HttpEntityMethodProcessor  : Writing [io.romulogomesbsi.drivecore_api.exception.ErrorResponse@4d2ace53]
2026-09-07T11:59:23.647-03:00  WARN 12572 --- [drivecore-api] [http-nio-8080-exec-7] .m.m.a.ExceptionHandlerExceptionResolver : Resolved [org.springframework.http.converter.HttpMessageNotReadableException: JSON parse error: Unexpected character (',' (code 44)): was expecting double-quote to start property name]
2026-09-07T11:59:23.647-03:00 DEBUG 12572 --- [drivecore-api] [http-nio-8080-exec-7] o.s.web.servlet.DispatcherServlet        : Completed 400 BAD_REQUEST
2026-09-07T11:59:37.270-03:00 DEBUG 12572 --- [drivecore-api] [http-nio-8080-exec-8] o.s.web.servlet.DispatcherServlet        : PUT "/dealer/2", parameters={}
2026-09-07T11:59:37.271-03:00 DEBUG 12572 --- [drivecore-api] [http-nio-8080-exec-8] s.w.s.m.m.a.RequestMappingHandlerMapping : Mapped to io.romulogomesbsi.drivecore_api.controller.ConcessionariaController#atualizar(Long, ConcessionariaRequest)
2026-09-07T11:59:37.272-03:00 DEBUG 12572 --- [drivecore-api] [http-nio-8080-exec-8] o.s.web.method.HandlerMethod             : Could not resolve parameter [1] in public org.springframework.http.ResponseEntity<io.romulogomesbsi.drivecore_api.dto.concessionaria.ConcessionariaResponse> io.romulogomesbsi.drivecore_api.controller.ConcessionariaController.atualizar(java.lang.Long,io.romulogomesbsi.drivecore_api.dto.concessionaria.ConcessionariaRequest): JSON parse error: Unexpected character (',' (code 44)): was expecting double-quote to start property name
2026-09-07T11:59:37.272-03:00 DEBUG 12572 --- [drivecore-api] [http-nio-8080-exec-8] .m.m.a.ExceptionHandlerExceptionResolver : Using @ExceptionHandler io.romulogomesbsi.drivecore_api.exception.GlobalExceptionHandler#handleInvalidJson(HttpMessageNotReadableException)
2026-09-07T11:59:37.273-03:00 DEBUG 12572 --- [drivecore-api] [http-nio-8080-exec-8] o.s.w.s.m.m.a.HttpEntityMethodProcessor  : Using 'application/json', given [*/*] and supported [application/json, application/*+json, application/yaml]
2026-09-07T11:59:37.273-03:00 DEBUG 12572 --- [drivecore-api] [http-nio-8080-exec-8] o.s.w.s.m.m.a.HttpEntityMethodProcessor  : Writing [io.romulogomesbsi.drivecore_api.exception.ErrorResponse@57f84cf9]
2026-09-07T11:59:37.273-03:00  WARN 12572 --- [drivecore-api] [http-nio-8080-exec-8] .m.m.a.ExceptionHandlerExceptionResolver : Resolved [org.springframework.http.converter.HttpMessageNotReadableException: JSON parse error: Unexpected character (',' (code 44)): was expecting double-quote to start property name]
2026-09-07T11:59:37.273-03:00 DEBUG 12572 --- [drivecore-api] [http-nio-8080-exec-8] o.s.web.servlet.DispatcherServlet        : Completed 400 BAD_REQUEST
2026-09-07T11:59:48.661-03:00 DEBUG 12572 --- [drivecore-api] [http-nio-8080-exec-5] o.s.web.servlet.DispatcherServlet        : PUT "/dealer/2", parameters={}
2026-09-07T11:59:48.661-03:00 DEBUG 12572 --- [drivecore-api] [http-nio-8080-exec-5] s.w.s.m.m.a.RequestMappingHandlerMapping : Mapped to io.romulogomesbsi.drivecore_api.controller.ConcessionariaController#atualizar(Long, ConcessionariaRequest)
2026-09-07T11:59:48.662-03:00 DEBUG 12572 --- [drivecore-api] [http-nio-8080-exec-5] o.s.web.method.HandlerMethod             : Could not resolve parameter [1] in public org.springframework.http.ResponseEntity<io.romulogomesbsi.drivecore_api.dto.concessionaria.ConcessionariaResponse> io.romulogomesbsi.drivecore_api.controller.ConcessionariaController.atualizar(java.lang.Long,io.romulogomesbsi.drivecore_api.dto.concessionaria.ConcessionariaRequest): JSON parse error: Unexpected character (',' (code 44)): was expecting double-quote to start property name
2026-09-07T11:59:48.662-03:00 DEBUG 12572 --- [drivecore-api] [http-nio-8080-exec-5] .m.m.a.ExceptionHandlerExceptionResolver : Using @ExceptionHandler io.romulogomesbsi.drivecore_api.exception.GlobalExceptionHandler#handleInvalidJson(HttpMessageNotReadableException)
2026-09-07T11:59:48.662-03:00 DEBUG 12572 --- [drivecore-api] [http-nio-8080-exec-5] o.s.w.s.m.m.a.HttpEntityMethodProcessor  : Using 'application/json', given [*/*] and supported [application/json, application/*+json, application/yaml]
2026-09-07T11:59:48.662-03:00 DEBUG 12572 --- [drivecore-api] [http-nio-8080-exec-5] o.s.w.s.m.m.a.HttpEntityMethodProcessor  : Writing [io.romulogomesbsi.drivecore_api.exception.ErrorResponse@cbde528]
2026-09-07T11:59:48.662-03:00  WARN 12572 --- [drivecore-api] [http-nio-8080-exec-5] .m.m.a.ExceptionHandlerExceptionResolver : Resolved [org.springframework.http.converter.HttpMessageNotReadableException: JSON parse error: Unexpected character (',' (code 44)): was expecting double-quote to start property name]
2026-09-07T11:59:48.662-03:00 DEBUG 12572 --- [drivecore-api] [http-nio-8080-exec-5] o.s.web.servlet.DispatcherServlet        : Completed 400 BAD_REQUEST
2026-09-07T12:00:01.249-03:00 DEBUG 12572 --- [drivecore-api] [http-nio-8080-exec-10] o.s.web.servlet.DispatcherServlet        : PUT "/dealer/2", parameters={}
2026-09-07T12:00:01.250-03:00 DEBUG 12572 --- [drivecore-api] [http-nio-8080-exec-10] s.w.s.m.m.a.RequestMappingHandlerMapping : Mapped to io.romulogomesbsi.drivecore_api.controller.ConcessionariaController#atualizar(Long, ConcessionariaRequest)
2026-09-07T12:00:01.251-03:00 DEBUG 12572 --- [drivecore-api] [http-nio-8080-exec-10] m.m.a.RequestResponseBodyMethodProcessor : Read "application/json;charset=UTF-8" to [io.romulogomesbsi.drivecore_api.dto.concessionaria.ConcessionariaRequest@3bea73b1]
2026-09-07T12:00:01.312-03:00 DEBUG 12572 --- [drivecore-api] [http-nio-8080-exec-10] .m.m.a.ExceptionHandlerExceptionResolver : Using @ExceptionHandler io.romulogomesbsi.drivecore_api.exception.GlobalExceptionHandler#handleValidation(MethodArgumentNotValidException)
2026-09-07T12:00:01.312-03:00 DEBUG 12572 --- [drivecore-api] [http-nio-8080-exec-10] o.s.w.s.m.m.a.HttpEntityMethodProcessor  : Using 'application/json', given [*/*] and supported [application/json, application/*+json, application/yaml]
2026-09-07T12:00:01.312-03:00 DEBUG 12572 --- [drivecore-api] [http-nio-8080-exec-10] o.s.w.s.m.m.a.HttpEntityMethodProcessor  : Writing [io.romulogomesbsi.drivecore_api.exception.ErrorResponse@42664f76]
2026-09-07T12:00:01.312-03:00  WARN 12572 --- [drivecore-api] [http-nio-8080-exec-10] .m.m.a.ExceptionHandlerExceptionResolver : Resolved [org.springframework.web.bind.MethodArgumentNotValidException: Validation failed for argument [1] in public org.springframework.http.ResponseEntity<io.romulogomesbsi.drivecore_api.dto.concessionaria.ConcessionariaResponse> io.romulogomesbsi.drivecore_api.controller.ConcessionariaController.atualizar(java.lang.Long,io.romulogomesbsi.drivecore_api.dto.concessionaria.ConcessionariaRequest): [Field error in object 'concessionariaRequest' on field 'cnpj': rejected value [null]; codes [NotBlank.concessionariaRequest.cnpj,NotBlank.cnpj,NotBlank.java.lang.String,NotBlank]; arguments [org.springframework.context.support.DefaultMessageSourceResolvable: codes [concessionariaRequest.cnpj,cnpj]; arguments []; default message [cnpj]]; default message [CNPJ é obrigatório]] ]
2026-09-07T12:00:01.312-03:00 DEBUG 12572 --- [drivecore-api] [http-nio-8080-exec-10] o.s.web.servlet.DispatcherServlet        : Completed 400 BAD_REQUEST
2026-09-07T12:00:12.764-03:00 DEBUG 12572 --- [drivecore-api] [http-nio-8080-exec-1] o.s.web.servlet.DispatcherServlet        : PUT "/dealer/2", parameters={}
2026-09-07T12:00:12.765-03:00 DEBUG 12572 --- [drivecore-api] [http-nio-8080-exec-1] s.w.s.m.m.a.RequestMappingHandlerMapping : Mapped to io.romulogomesbsi.drivecore_api.controller.ConcessionariaController#atualizar(Long, ConcessionariaRequest)
2026-09-07T12:00:12.766-03:00 DEBUG 12572 --- [drivecore-api] [http-nio-8080-exec-1] m.m.a.RequestResponseBodyMethodProcessor : Read "application/json;charset=UTF-8" to [io.romulogomesbsi.drivecore_api.dto.concessionaria.ConcessionariaRequest@19505e56]
2026-09-07T12:00:12.767-03:00 DEBUG 12572 --- [drivecore-api] [http-nio-8080-exec-1] .m.m.a.ExceptionHandlerExceptionResolver : Using @ExceptionHandler io.romulogomesbsi.drivecore_api.exception.GlobalExceptionHandler#handleValidation(MethodArgumentNotValidException)
2026-09-07T12:00:12.767-03:00 DEBUG 12572 --- [drivecore-api] [http-nio-8080-exec-1] o.s.w.s.m.m.a.HttpEntityMethodProcessor  : Using 'application/json', given [*/*] and supported [application/json, application/*+json, application/yaml]
2026-09-07T12:00:12.767-03:00 DEBUG 12572 --- [drivecore-api] [http-nio-8080-exec-1] o.s.w.s.m.m.a.HttpEntityMethodProcessor  : Writing [io.romulogomesbsi.drivecore_api.exception.ErrorResponse@20749559]
2026-09-07T12:00:12.767-03:00  WARN 12572 --- [drivecore-api] [http-nio-8080-exec-1] .m.m.a.ExceptionHandlerExceptionResolver : Resolved [org.springframework.web.bind.MethodArgumentNotValidException: Validation failed for argument [1] in public org.springframework.http.ResponseEntity<io.romulogomesbsi.drivecore_api.dto.concessionaria.ConcessionariaResponse> io.romulogomesbsi.drivecore_api.controller.ConcessionariaController.atualizar(java.lang.Long,io.romulogomesbsi.drivecore_api.dto.concessionaria.ConcessionariaRequest): [Field error in object 'concessionariaRequest' on field 'razaoSocial': rejected value [null]; codes [NotBlank.concessionariaRequest.razaoSocial,NotBlank.razaoSocial,NotBlank.java.lang.String,NotBlank]; arguments [org.springframework.context.support.DefaultMessageSourceResolvable: codes [concessionariaRequest.razaoSocial,razaoSocial]; arguments []; default message [razaoSocial]]; default message [Razão Social é obrigatória]] ]
2026-09-07T12:00:12.767-03:00 DEBUG 12572 --- [drivecore-api] [http-nio-8080-exec-1] o.s.web.servlet.DispatcherServlet        : Completed 400 BAD_REQUEST
2026-09-07T12:00:23.964-03:00 DEBUG 12572 --- [drivecore-api] [http-nio-8080-exec-3] o.s.web.servlet.DispatcherServlet        : PUT "/dealer/2", parameters={}
2026-09-07T12:00:23.964-03:00 DEBUG 12572 --- [drivecore-api] [http-nio-8080-exec-3] s.w.s.m.m.a.RequestMappingHandlerMapping : Mapped to io.romulogomesbsi.drivecore_api.controller.ConcessionariaController#atualizar(Long, ConcessionariaRequest)
2026-09-07T12:00:23.965-03:00 DEBUG 12572 --- [drivecore-api] [http-nio-8080-exec-3] m.m.a.RequestResponseBodyMethodProcessor : Read "application/json;charset=UTF-8" to [io.romulogomesbsi.drivecore_api.dto.concessionaria.ConcessionariaRequest@4fe42198]
2026-09-07T12:00:23.966-03:00  INFO 12572 --- [drivecore-api] [http-nio-8080-exec-3] i.r.d.c.ConcessionariaController         : Atualizando concessionária DriveCore Docker Motors - Catolé EDITADO
2026-09-07T12:00:24.012-03:00 DEBUG 12572 --- [drivecore-api] [http-nio-8080-exec-3] o.s.w.s.m.m.a.HttpEntityMethodProcessor  : Using 'application/json', given [*/*] and supported [application/json, application/*+json, application/yaml]
2026-09-07T12:00:24.012-03:00 DEBUG 12572 --- [drivecore-api] [http-nio-8080-exec-3] o.s.w.s.m.m.a.HttpEntityMethodProcessor  : Writing [io.romulogomesbsi.drivecore_api.dto.concessionaria.ConcessionariaResponse@6e14eb4]
2026-09-07T12:00:24.012-03:00 DEBUG 12572 --- [drivecore-api] [http-nio-8080-exec-3] o.s.web.servlet.DispatcherServlet        : Completed 200 OK
2026-09-07T12:00:28.240-03:00 DEBUG 12572 --- [drivecore-api] [http-nio-8080-exec-4] o.s.web.servlet.DispatcherServlet        : GET "/dealer/2", parameters={}
2026-09-07T12:00:28.240-03:00 DEBUG 12572 --- [drivecore-api] [http-nio-8080-exec-4] s.w.s.m.m.a.RequestMappingHandlerMapping : Mapped to io.romulogomesbsi.drivecore_api.controller.ConcessionariaController#buscarPorId(Long)
2026-09-07T12:00:28.243-03:00 DEBUG 12572 --- [drivecore-api] [http-nio-8080-exec-4] o.s.w.s.m.m.a.HttpEntityMethodProcessor  : Using 'application/json', given [*/*] and supported [application/json, application/*+json, application/yaml]
2026-09-07T12:00:28.243-03:00 DEBUG 12572 --- [drivecore-api] [http-nio-8080-exec-4] o.s.w.s.m.m.a.HttpEntityMethodProcessor  : Writing [io.romulogomesbsi.drivecore_api.dto.concessionaria.ConcessionariaResponse@1f151e41]
2026-09-07T12:00:28.244-03:00 DEBUG 12572 --- [drivecore-api] [http-nio-8080-exec-4] o.s.web.servlet.DispatcherServlet        : Completed 200 OK
2026-09-07T12:05:14.783-03:00  INFO 23112 --- [drivecore-api] [restartedMain] i.r.d.DrivecoreApiApplication            : Starting DrivecoreApiApplication using Java 21.0.11 with PID 23112 (C:\Users\Diego\Desktop\Desafio Técnico\drivecore-api\target\classes started by Diego in C:\Users\Diego\Desktop\Desafio Técnico\drivecore-api)
2026-09-07T12:05:14.783-03:00 DEBUG 23112 --- [drivecore-api] [restartedMain] i.r.d.DrivecoreApiApplication            : Running with Spring Boot v4.1.1, Spring v7.0.9
2026-09-07T12:05:14.783-03:00  INFO 23112 --- [drivecore-api] [restartedMain] i.r.d.DrivecoreApiApplication            : No active profile set, falling back to 1 default profile: "default"
2026-09-07T12:05:18.748-03:00  WARN 23112 --- [drivecore-api] [restartedMain] JpaBaseConfiguration$JpaWebConfiguration : spring.jpa.open-in-view is enabled by default. Therefore, database queries may be performed during view rendering. Explicitly configure spring.jpa.open-in-view to disable this warning
2026-09-07T12:05:18.882-03:00 DEBUG 23112 --- [drivecore-api] [restartedMain] s.w.s.m.m.a.RequestMappingHandlerMapping : 16 mappings in 'requestMappingHandlerMapping'
2026-09-07T12:05:18.929-03:00 DEBUG 23112 --- [drivecore-api] [restartedMain] o.s.w.s.handler.SimpleUrlHandlerMapping  : Patterns [/webjars/**, /**, /swagger-ui/**, /swagger-ui/*index.html, /swagger-ui/*swagger-initializer.js, /webjars/*swagger-ui/**, /webjars/*swagger-ui/*index.html, /webjars/*swagger-ui/5.32.11/*index.html, /webjars/*swagger-ui/*swagger-initializer.js, /webjars/*swagger-ui/5.32.11/*swagger-initializer.js] in 'resourceHandlerMapping'
2026-09-07T12:05:18.947-03:00 DEBUG 23112 --- [drivecore-api] [restartedMain] s.w.s.m.m.a.RequestMappingHandlerAdapter : ControllerAdvice beans: 0 @ModelAttribute, 0 @InitBinder, 2 RequestBodyAdvice, 1 ResponseBodyAdvice
2026-09-07T12:05:18.978-03:00 DEBUG 23112 --- [drivecore-api] [restartedMain] .m.m.a.ExceptionHandlerExceptionResolver : ControllerAdvice beans: 2 @ExceptionHandler, 1 ResponseBodyAdvice
2026-09-07T12:05:19.182-03:00  INFO 23112 --- [drivecore-api] [restartedMain] i.r.d.DrivecoreApiApplication            : Started DrivecoreApiApplication in 4.835 seconds (process running for 5.233)
2026-09-07T12:05:19.188-03:00  WARN 23112 --- [drivecore-api] [restartedMain] o.s.core.events.SpringDocAppInitializer  : SpringDoc /v3/api-docs endpoint is enabled by default. To disable it in production, set the property 'springdoc.api-docs.enabled=false'
2026-09-07T12:05:19.188-03:00  WARN 23112 --- [drivecore-api] [restartedMain] o.s.core.events.SpringDocAppInitializer  : SpringDoc /swagger-ui.html endpoint is enabled by default. To disable it in production, set the property 'springdoc.swagger-ui.enabled=false'
2026-09-07T12:19:32.952-03:00  INFO 17512 --- [drivecore-api] [restartedMain] i.r.d.DrivecoreApiApplication            : Starting DrivecoreApiApplication using Java 21.0.11 with PID 17512 (C:\Users\Diego\Desktop\Desafio Técnico\drivecore-api\target\classes started by Diego in C:\Users\Diego\Desktop\Desafio Técnico\drivecore-api)
2026-09-07T12:19:32.956-03:00 DEBUG 17512 --- [drivecore-api] [restartedMain] i.r.d.DrivecoreApiApplication            : Running with Spring Boot v4.1.1, Spring v7.0.9
2026-09-07T12:19:32.957-03:00  INFO 17512 --- [drivecore-api] [restartedMain] i.r.d.DrivecoreApiApplication            : No active profile set, falling back to 1 default profile: "default"
2026-09-07T12:19:35.232-03:00 DEBUG 17512 --- [drivecore-api] [restartedMain] o.s.w.f.ServerHttpObservationFilter      : Filter 'webMvcObservationFilter' configured for use
2026-09-07T12:19:37.340-03:00  WARN 17512 --- [drivecore-api] [restartedMain] JpaBaseConfiguration$JpaWebConfiguration : spring.jpa.open-in-view is enabled by default. Therefore, database queries may be performed during view rendering. Explicitly configure spring.jpa.open-in-view to disable this warning
2026-09-07T12:19:37.474-03:00 DEBUG 17512 --- [drivecore-api] [restartedMain] s.w.s.m.m.a.RequestMappingHandlerMapping : 16 mappings in 'requestMappingHandlerMapping'
2026-09-07T12:19:37.504-03:00 DEBUG 17512 --- [drivecore-api] [restartedMain] o.s.w.s.handler.SimpleUrlHandlerMapping  : Patterns [/webjars/**, /**, /swagger-ui/**, /swagger-ui/*index.html, /swagger-ui/*swagger-initializer.js, /webjars/*swagger-ui/**, /webjars/*swagger-ui/*index.html, /webjars/*swagger-ui/5.32.11/*index.html, /webjars/*swagger-ui/*swagger-initializer.js, /webjars/*swagger-ui/5.32.11/*swagger-initializer.js] in 'resourceHandlerMapping'
2026-09-07T12:19:37.522-03:00 DEBUG 17512 --- [drivecore-api] [restartedMain] s.w.s.m.m.a.RequestMappingHandlerAdapter : ControllerAdvice beans: 0 @ModelAttribute, 0 @InitBinder, 2 RequestBodyAdvice, 1 ResponseBodyAdvice
2026-09-07T12:19:37.558-03:00 DEBUG 17512 --- [drivecore-api] [restartedMain] .m.m.a.ExceptionHandlerExceptionResolver : ControllerAdvice beans: 2 @ExceptionHandler, 1 ResponseBodyAdvice
2026-09-07T12:19:37.927-03:00  INFO 17512 --- [drivecore-api] [restartedMain] i.r.d.DrivecoreApiApplication            : Started DrivecoreApiApplication in 5.392 seconds (process running for 5.863)
2026-09-07T12:19:38.024-03:00  WARN 17512 --- [drivecore-api] [restartedMain] o.s.core.events.SpringDocAppInitializer  : SpringDoc /v3/api-docs endpoint is enabled by default. To disable it in production, set the property 'springdoc.api-docs.enabled=false'
2026-09-07T12:19:38.024-03:00  WARN 17512 --- [drivecore-api] [restartedMain] o.s.core.events.SpringDocAppInitializer  : SpringDoc /swagger-ui.html endpoint is enabled by default. To disable it in production, set the property 'springdoc.swagger-ui.enabled=false'
2026-09-07T12:19:45.239-03:00  INFO 17512 --- [drivecore-api] [http-nio-8080-exec-1] o.s.web.servlet.DispatcherServlet        : Initializing Servlet 'dispatcherServlet'
2026-09-07T12:19:45.240-03:00 DEBUG 17512 --- [drivecore-api] [http-nio-8080-exec-1] o.s.web.servlet.DispatcherServlet        : Detected StandardServletMultipartResolver
2026-09-07T12:19:45.240-03:00 DEBUG 17512 --- [drivecore-api] [http-nio-8080-exec-1] o.s.web.servlet.DispatcherServlet        : Detected AcceptHeaderLocaleResolver
2026-09-07T12:19:45.241-03:00 DEBUG 17512 --- [drivecore-api] [http-nio-8080-exec-1] o.s.web.servlet.DispatcherServlet        : Detected org.springframework.web.servlet.view.DefaultRequestToViewNameTranslator@351dc372
2026-09-07T12:19:45.241-03:00 DEBUG 17512 --- [drivecore-api] [http-nio-8080-exec-1] o.s.web.servlet.DispatcherServlet        : Detected org.springframework.web.servlet.support.SessionFlashMapManager@2b48a5b3
2026-09-07T12:19:45.241-03:00 DEBUG 17512 --- [drivecore-api] [http-nio-8080-exec-1] o.s.web.servlet.DispatcherServlet        : enableLoggingRequestDetails='false': request parameters and headers will be masked to prevent unsafe logging of potentially sensitive data
2026-09-07T12:19:45.241-03:00  INFO 17512 --- [drivecore-api] [http-nio-8080-exec-1] o.s.web.servlet.DispatcherServlet        : Completed initialization in 1 ms
2026-09-07T12:19:45.255-03:00 DEBUG 17512 --- [drivecore-api] [http-nio-8080-exec-1] o.s.web.servlet.DispatcherServlet        : GET "/vehicles", parameters={}
2026-09-07T12:19:45.261-03:00 DEBUG 17512 --- [drivecore-api] [http-nio-8080-exec-1] s.w.s.m.m.a.RequestMappingHandlerMapping : Mapped to io.romulogomesbsi.drivecore_api.controller.CarroController#listar()
2026-09-07T12:19:45.410-03:00 DEBUG 17512 --- [drivecore-api] [http-nio-8080-exec-1] o.s.w.s.m.m.a.HttpEntityMethodProcessor  : Using 'application/json;q=0.8', given [text/html, application/xhtml+xml, image/avif, image/webp, image/apng, application/xml;q=0.9, */*;q=0.8, application/signed-exchange;v=b3;q=0.7] and supported [application/json, application/*+json, application/yaml]
2026-09-07T12:19:45.411-03:00 DEBUG 17512 --- [drivecore-api] [http-nio-8080-exec-1] o.s.w.s.m.m.a.HttpEntityMethodProcessor  : Writing [[io.romulogomesbsi.drivecore_api.dto.carro.CarroResponse@1130af87, io.romulogomesbsi.drivecore_api.d (truncated)...]
2026-09-07T12:19:45.454-03:00 DEBUG 17512 --- [drivecore-api] [http-nio-8080-exec-1] o.s.web.servlet.DispatcherServlet        : Completed 200 OK
2026-09-07T12:19:48.603-03:00 DEBUG 17512 --- [drivecore-api] [http-nio-8080-exec-2] o.s.web.servlet.DispatcherServlet        : GET "/actuator", parameters={}
2026-09-07T12:19:48.607-03:00 DEBUG 17512 --- [drivecore-api] [http-nio-8080-exec-2] m.m.a.RequestResponseBodyMethodProcessor : Using 'application/vnd.spring-boot.actuator.v3+json;q=0.8', given [text/html, application/xhtml+xml, image/avif, image/webp, image/apng, application/xml;q=0.9, */*;q=0.8, application/signed-exchange;v=b3;q=0.7] and supported [application/vnd.spring-boot.actuator.v3+json, application/vnd.spring-boot.actuator.v2+json, application/json]
2026-09-07T12:19:48.608-03:00 DEBUG 17512 --- [drivecore-api] [http-nio-8080-exec-2] m.m.a.RequestResponseBodyMethodProcessor : Writing [{_links={self=[Link@11f26eae href = 'http://localhost:8080/actuator'], health=[Link@1351736e href =  (truncated)...]
2026-09-07T12:19:48.612-03:00 DEBUG 17512 --- [drivecore-api] [http-nio-8080-exec-2] o.s.web.servlet.DispatcherServlet        : Completed 200 OK
2026-09-07T12:19:48.633-03:00 DEBUG 17512 --- [drivecore-api] [http-nio-8080-exec-3] o.s.web.servlet.DispatcherServlet        : GET "/favicon.ico", parameters={}
2026-09-07T12:19:48.635-03:00 DEBUG 17512 --- [drivecore-api] [http-nio-8080-exec-3] o.s.w.s.handler.SimpleUrlHandlerMapping  : Mapped to ResourceHttpRequestHandler [classpath [META-INF/resources/], classpath [resources/], classpath [static/], classpath [public/], ServletContext [/]]
2026-09-07T12:19:48.637-03:00 DEBUG 17512 --- [drivecore-api] [http-nio-8080-exec-3] o.s.w.s.r.ResourceHttpRequestHandler     : Resource not found for path [favicon.ico]
2026-09-07T12:19:48.639-03:00 DEBUG 17512 --- [drivecore-api] [http-nio-8080-exec-3] .m.m.a.ExceptionHandlerExceptionResolver : Using @ExceptionHandler io.romulogomesbsi.drivecore_api.exception.GlobalExceptionHandler#handleGeneric(Exception)
2026-09-07T12:19:48.640-03:00 ERROR 17512 --- [drivecore-api] [http-nio-8080-exec-3] i.r.d.exception.GlobalExceptionHandler   : Erro inesperado {}

org.springframework.web.servlet.resource.NoResourceFoundException: No static resource favicon.ico for request '/favicon.ico'.
	at org.springframework.web.servlet.resource.ResourceHttpRequestHandler.handleRequest(ResourceHttpRequestHandler.java:527) ~[spring-webmvc-7.0.9.jar:7.0.9]
	at org.springframework.web.servlet.mvc.HttpRequestHandlerAdapter.handle(HttpRequestHandlerAdapter.java:50) ~[spring-webmvc-7.0.9.jar:7.0.9]
	at org.springframework.web.servlet.DispatcherServlet.doDispatch(DispatcherServlet.java:963) ~[spring-webmvc-7.0.9.jar:7.0.9]
	at org.springframework.web.servlet.DispatcherServlet.doService(DispatcherServlet.java:866) ~[spring-webmvc-7.0.9.jar:7.0.9]
	at org.springframework.web.servlet.FrameworkServlet.processRequest(FrameworkServlet.java:1000) ~[spring-webmvc-7.0.9.jar:7.0.9]
	at org.springframework.web.servlet.FrameworkServlet.doGet(FrameworkServlet.java:892) ~[spring-webmvc-7.0.9.jar:7.0.9]
	at jakarta.servlet.http.HttpServlet.service(HttpServlet.java:622) ~[tomcat-embed-core-11.0.24.jar:6.1]
	at org.springframework.web.servlet.FrameworkServlet.service(FrameworkServlet.java:874) ~[spring-webmvc-7.0.9.jar:7.0.9]
	at jakarta.servlet.http.HttpServlet.service(HttpServlet.java:710) ~[tomcat-embed-core-11.0.24.jar:6.1]
	at org.apache.catalina.core.ApplicationFilterChain.doFilter(ApplicationFilterChain.java:132) ~[tomcat-embed-core-11.0.24.jar:11.0.24]
	at org.apache.tomcat.websocket.server.WsFilter.doFilter(WsFilter.java:59) ~[tomcat-embed-websocket-11.0.24.jar:11.0.24]
	at org.apache.catalina.core.ApplicationFilterChain.doFilter(ApplicationFilterChain.java:111) ~[tomcat-embed-core-11.0.24.jar:11.0.24]
	at org.springframework.web.filter.RequestContextFilter.doFilterInternal(RequestContextFilter.java:100) ~[spring-web-7.0.9.jar:7.0.9]
	at org.springframework.web.filter.OncePerRequestFilter.doFilter(OncePerRequestFilter.java:116) ~[spring-web-7.0.9.jar:7.0.9]
	at org.apache.catalina.core.ApplicationFilterChain.doFilter(ApplicationFilterChain.java:111) ~[tomcat-embed-core-11.0.24.jar:11.0.24]
	at org.springframework.web.filter.FormContentFilter.doFilterInternal(FormContentFilter.java:93) ~[spring-web-7.0.9.jar:7.0.9]
	at org.springframework.web.filter.OncePerRequestFilter.doFilter(OncePerRequestFilter.java:116) ~[spring-web-7.0.9.jar:7.0.9]
	at org.apache.catalina.core.ApplicationFilterChain.doFilter(ApplicationFilterChain.java:111) ~[tomcat-embed-core-11.0.24.jar:11.0.24]
	at org.springframework.web.filter.ServerHttpObservationFilter.doFilterInternal(ServerHttpObservationFilter.java:110) ~[spring-web-7.0.9.jar:7.0.9]
	at org.springframework.web.filter.OncePerRequestFilter.doFilter(OncePerRequestFilter.java:116) ~[spring-web-7.0.9.jar:7.0.9]
	at org.apache.catalina.core.ApplicationFilterChain.doFilter(ApplicationFilterChain.java:111) ~[tomcat-embed-core-11.0.24.jar:11.0.24]
	at org.springframework.web.filter.CharacterEncodingFilter.doFilterInternal(CharacterEncodingFilter.java:199) ~[spring-web-7.0.9.jar:7.0.9]
	at org.springframework.web.filter.OncePerRequestFilter.doFilter(OncePerRequestFilter.java:116) ~[spring-web-7.0.9.jar:7.0.9]
	at org.apache.catalina.core.ApplicationFilterChain.doFilter(ApplicationFilterChain.java:111) ~[tomcat-embed-core-11.0.24.jar:11.0.24]
	at org.apache.catalina.core.StandardWrapperValve.invoke(StandardWrapperValve.java:165) ~[tomcat-embed-core-11.0.24.jar:11.0.24]
	at org.apache.catalina.core.StandardContextValve.invoke(StandardContextValve.java:77) ~[tomcat-embed-core-11.0.24.jar:11.0.24]
	at org.apache.catalina.authenticator.AuthenticatorBase.invoke(AuthenticatorBase.java:535) ~[tomcat-embed-core-11.0.24.jar:11.0.24]
	at org.apache.catalina.core.StandardHostValve.invoke(StandardHostValve.java:115) ~[tomcat-embed-core-11.0.24.jar:11.0.24]
	at org.apache.catalina.valves.ErrorReportValve.invoke(ErrorReportValve.java:86) ~[tomcat-embed-core-11.0.24.jar:11.0.24]
	at org.apache.catalina.core.StandardEngineValve.invoke(StandardEngineValve.java:71) ~[tomcat-embed-core-11.0.24.jar:11.0.24]
	at org.apache.catalina.connector.CoyoteAdapter.service(CoyoteAdapter.java:347) ~[tomcat-embed-core-11.0.24.jar:11.0.24]
	at org.apache.coyote.http11.Http11Processor.service(Http11Processor.java:406) ~[tomcat-embed-core-11.0.24.jar:11.0.24]
	at org.apache.coyote.AbstractProcessorLight.process(AbstractProcessorLight.java:71) ~[tomcat-embed-core-11.0.24.jar:11.0.24]
	at org.apache.coyote.AbstractProtocol$ConnectionHandler.process(AbstractProtocol.java:1307) ~[tomcat-embed-core-11.0.24.jar:11.0.24]
	at org.apache.tomcat.util.net.NioEndpoint$SocketProcessor.doRun(NioEndpoint.java:2036) ~[tomcat-embed-core-11.0.24.jar:11.0.24]
	at org.apache.tomcat.util.net.SocketProcessorBase.run(SocketProcessorBase.java:74) ~[tomcat-embed-core-11.0.24.jar:11.0.24]
	at org.apache.tomcat.util.threads.ThreadPoolExecutor.runWorker(ThreadPoolExecutor.java:949) ~[tomcat-embed-core-11.0.24.jar:11.0.24]
	at org.apache.tomcat.util.threads.ThreadPoolExecutor$Worker.run(ThreadPoolExecutor.java:483) ~[tomcat-embed-core-11.0.24.jar:11.0.24]
	at org.apache.tomcat.util.threads.TaskThread$WrappingRunnable.run(TaskThread.java:74) ~[tomcat-embed-core-11.0.24.jar:11.0.24]
	at java.base/java.lang.Thread.run(Thread.java:1583) ~[na:na]

2026-09-07T12:19:48.676-03:00 DEBUG 17512 --- [drivecore-api] [http-nio-8080-exec-3] o.s.w.s.m.m.a.HttpEntityMethodProcessor  : Using 'application/json;q=0.8', given [image/avif, image/webp, image/apng, image/svg+xml, image/*, */*;q=0.8] and supported [application/json, application/*+json, application/yaml]
2026-09-07T12:19:48.677-03:00 DEBUG 17512 --- [drivecore-api] [http-nio-8080-exec-3] o.s.w.s.m.m.a.HttpEntityMethodProcessor  : Writing [io.romulogomesbsi.drivecore_api.exception.ErrorResponse@662a66a7]
2026-09-07T12:19:48.681-03:00  WARN 17512 --- [drivecore-api] [http-nio-8080-exec-3] .m.m.a.ExceptionHandlerExceptionResolver : Resolved [org.springframework.web.servlet.resource.NoResourceFoundException: No static resource favicon.ico for request '/favicon.ico'.]
2026-09-07T12:19:48.681-03:00 DEBUG 17512 --- [drivecore-api] [http-nio-8080-exec-3] o.s.web.servlet.DispatcherServlet        : Completed 500 INTERNAL_SERVER_ERROR
2026-09-07T12:20:01.995-03:00 DEBUG 17512 --- [drivecore-api] [http-nio-8080-exec-4] o.s.web.servlet.DispatcherServlet        : GET "/actuator/health", parameters={}
2026-09-07T12:20:01.997-03:00 DEBUG 17512 --- [drivecore-api] [http-nio-8080-exec-4] m.m.a.RequestResponseBodyMethodProcessor : Read "application/octet-stream" to []
2026-09-07T12:20:02.011-03:00 DEBUG 17512 --- [drivecore-api] [http-nio-8080-exec-4] o.s.w.s.m.m.a.HttpEntityMethodProcessor  : Using 'application/vnd.spring-boot.actuator.v3+json;q=0.8', given [text/html, application/xhtml+xml, image/avif, image/webp, image/apng, application/xml;q=0.9, */*;q=0.8, application/signed-exchange;v=b3;q=0.7] and supported [application/vnd.spring-boot.actuator.v3+json, application/vnd.spring-boot.actuator.v2+json, application/json]
2026-09-07T12:20:02.012-03:00 DEBUG 17512 --- [drivecore-api] [http-nio-8080-exec-4] o.s.w.s.m.m.a.HttpEntityMethodProcessor  : Writing [org.springframework.boot.health.actuate.endpoint.SystemHealthDescriptor@41dfb147]
2026-09-07T12:20:02.019-03:00 DEBUG 17512 --- [drivecore-api] [http-nio-8080-exec-4] o.s.web.servlet.DispatcherServlet        : Completed 200 OK
2026-09-07T12:20:02.029-03:00 DEBUG 17512 --- [drivecore-api] [http-nio-8080-exec-5] o.s.web.servlet.DispatcherServlet        : GET "/favicon.ico", parameters={}
2026-09-07T12:20:02.030-03:00 DEBUG 17512 --- [drivecore-api] [http-nio-8080-exec-5] o.s.w.s.handler.SimpleUrlHandlerMapping  : Mapped to ResourceHttpRequestHandler [classpath [META-INF/resources/], classpath [resources/], classpath [static/], classpath [public/], ServletContext [/]]
2026-09-07T12:20:02.032-03:00 DEBUG 17512 --- [drivecore-api] [http-nio-8080-exec-5] o.s.w.s.r.ResourceHttpRequestHandler     : Resource not found for path [favicon.ico]
2026-09-07T12:20:02.033-03:00 DEBUG 17512 --- [drivecore-api] [http-nio-8080-exec-5] .m.m.a.ExceptionHandlerExceptionResolver : Using @ExceptionHandler io.romulogomesbsi.drivecore_api.exception.GlobalExceptionHandler#handleGeneric(Exception)
2026-09-07T12:20:02.033-03:00 ERROR 17512 --- [drivecore-api] [http-nio-8080-exec-5] i.r.d.exception.GlobalExceptionHandler   : Erro inesperado {}

org.springframework.web.servlet.resource.NoResourceFoundException: No static resource favicon.ico for request '/favicon.ico'.
	at org.springframework.web.servlet.resource.ResourceHttpRequestHandler.handleRequest(ResourceHttpRequestHandler.java:527) ~[spring-webmvc-7.0.9.jar:7.0.9]
	at org.springframework.web.servlet.mvc.HttpRequestHandlerAdapter.handle(HttpRequestHandlerAdapter.java:50) ~[spring-webmvc-7.0.9.jar:7.0.9]
	at org.springframework.web.servlet.DispatcherServlet.doDispatch(DispatcherServlet.java:963) ~[spring-webmvc-7.0.9.jar:7.0.9]
	at org.springframework.web.servlet.DispatcherServlet.doService(DispatcherServlet.java:866) ~[spring-webmvc-7.0.9.jar:7.0.9]
	at org.springframework.web.servlet.FrameworkServlet.processRequest(FrameworkServlet.java:1000) ~[spring-webmvc-7.0.9.jar:7.0.9]
	at org.springframework.web.servlet.FrameworkServlet.doGet(FrameworkServlet.java:892) ~[spring-webmvc-7.0.9.jar:7.0.9]
	at jakarta.servlet.http.HttpServlet.service(HttpServlet.java:622) ~[tomcat-embed-core-11.0.24.jar:6.1]
	at org.springframework.web.servlet.FrameworkServlet.service(FrameworkServlet.java:874) ~[spring-webmvc-7.0.9.jar:7.0.9]
	at jakarta.servlet.http.HttpServlet.service(HttpServlet.java:710) ~[tomcat-embed-core-11.0.24.jar:6.1]
	at org.apache.catalina.core.ApplicationFilterChain.doFilter(ApplicationFilterChain.java:132) ~[tomcat-embed-core-11.0.24.jar:11.0.24]
	at org.apache.tomcat.websocket.server.WsFilter.doFilter(WsFilter.java:59) ~[tomcat-embed-websocket-11.0.24.jar:11.0.24]
	at org.apache.catalina.core.ApplicationFilterChain.doFilter(ApplicationFilterChain.java:111) ~[tomcat-embed-core-11.0.24.jar:11.0.24]
	at org.springframework.web.filter.RequestContextFilter.doFilterInternal(RequestContextFilter.java:100) ~[spring-web-7.0.9.jar:7.0.9]
	at org.springframework.web.filter.OncePerRequestFilter.doFilter(OncePerRequestFilter.java:116) ~[spring-web-7.0.9.jar:7.0.9]
	at org.apache.catalina.core.ApplicationFilterChain.doFilter(ApplicationFilterChain.java:111) ~[tomcat-embed-core-11.0.24.jar:11.0.24]
	at org.springframework.web.filter.FormContentFilter.doFilterInternal(FormContentFilter.java:93) ~[spring-web-7.0.9.jar:7.0.9]
	at org.springframework.web.filter.OncePerRequestFilter.doFilter(OncePerRequestFilter.java:116) ~[spring-web-7.0.9.jar:7.0.9]
	at org.apache.catalina.core.ApplicationFilterChain.doFilter(ApplicationFilterChain.java:111) ~[tomcat-embed-core-11.0.24.jar:11.0.24]
	at org.springframework.web.filter.ServerHttpObservationFilter.doFilterInternal(ServerHttpObservationFilter.java:110) ~[spring-web-7.0.9.jar:7.0.9]
	at org.springframework.web.filter.OncePerRequestFilter.doFilter(OncePerRequestFilter.java:116) ~[spring-web-7.0.9.jar:7.0.9]
	at org.apache.catalina.core.ApplicationFilterChain.doFilter(ApplicationFilterChain.java:111) ~[tomcat-embed-core-11.0.24.jar:11.0.24]
	at org.springframework.web.filter.CharacterEncodingFilter.doFilterInternal(CharacterEncodingFilter.java:199) ~[spring-web-7.0.9.jar:7.0.9]
	at org.springframework.web.filter.OncePerRequestFilter.doFilter(OncePerRequestFilter.java:116) ~[spring-web-7.0.9.jar:7.0.9]
	at org.apache.catalina.core.ApplicationFilterChain.doFilter(ApplicationFilterChain.java:111) ~[tomcat-embed-core-11.0.24.jar:11.0.24]
	at org.apache.catalina.core.StandardWrapperValve.invoke(StandardWrapperValve.java:165) ~[tomcat-embed-core-11.0.24.jar:11.0.24]
	at org.apache.catalina.core.StandardContextValve.invoke(StandardContextValve.java:77) ~[tomcat-embed-core-11.0.24.jar:11.0.24]
	at org.apache.catalina.authenticator.AuthenticatorBase.invoke(AuthenticatorBase.java:535) ~[tomcat-embed-core-11.0.24.jar:11.0.24]
	at org.apache.catalina.core.StandardHostValve.invoke(StandardHostValve.java:115) ~[tomcat-embed-core-11.0.24.jar:11.0.24]
	at org.apache.catalina.valves.ErrorReportValve.invoke(ErrorReportValve.java:86) ~[tomcat-embed-core-11.0.24.jar:11.0.24]
	at org.apache.catalina.core.StandardEngineValve.invoke(StandardEngineValve.java:71) ~[tomcat-embed-core-11.0.24.jar:11.0.24]
	at org.apache.catalina.connector.CoyoteAdapter.service(CoyoteAdapter.java:347) ~[tomcat-embed-core-11.0.24.jar:11.0.24]
	at org.apache.coyote.http11.Http11Processor.service(Http11Processor.java:406) ~[tomcat-embed-core-11.0.24.jar:11.0.24]
	at org.apache.coyote.AbstractProcessorLight.process(AbstractProcessorLight.java:71) ~[tomcat-embed-core-11.0.24.jar:11.0.24]
	at org.apache.coyote.AbstractProtocol$ConnectionHandler.process(AbstractProtocol.java:1307) ~[tomcat-embed-core-11.0.24.jar:11.0.24]
	at org.apache.tomcat.util.net.NioEndpoint$SocketProcessor.doRun(NioEndpoint.java:2036) ~[tomcat-embed-core-11.0.24.jar:11.0.24]
	at org.apache.tomcat.util.net.SocketProcessorBase.run(SocketProcessorBase.java:74) ~[tomcat-embed-core-11.0.24.jar:11.0.24]
	at org.apache.tomcat.util.threads.ThreadPoolExecutor.runWorker(ThreadPoolExecutor.java:949) ~[tomcat-embed-core-11.0.24.jar:11.0.24]
	at org.apache.tomcat.util.threads.ThreadPoolExecutor$Worker.run(ThreadPoolExecutor.java:483) ~[tomcat-embed-core-11.0.24.jar:11.0.24]
	at org.apache.tomcat.util.threads.TaskThread$WrappingRunnable.run(TaskThread.java:74) ~[tomcat-embed-core-11.0.24.jar:11.0.24]
	at java.base/java.lang.Thread.run(Thread.java:1583) ~[na:na]

2026-09-07T12:20:02.034-03:00 DEBUG 17512 --- [drivecore-api] [http-nio-8080-exec-5] o.s.w.s.m.m.a.HttpEntityMethodProcessor  : Using 'application/json;q=0.8', given [image/avif, image/webp, image/apng, image/svg+xml, image/*, */*;q=0.8] and supported [application/json, application/*+json, application/yaml]
2026-09-07T12:20:02.034-03:00 DEBUG 17512 --- [drivecore-api] [http-nio-8080-exec-5] o.s.w.s.m.m.a.HttpEntityMethodProcessor  : Writing [io.romulogomesbsi.drivecore_api.exception.ErrorResponse@de095a5]
2026-09-07T12:20:02.035-03:00  WARN 17512 --- [drivecore-api] [http-nio-8080-exec-5] .m.m.a.ExceptionHandlerExceptionResolver : Resolved [org.springframework.web.servlet.resource.NoResourceFoundException: No static resource favicon.ico for request '/favicon.ico'.]
2026-09-07T12:20:02.036-03:00 DEBUG 17512 --- [drivecore-api] [http-nio-8080-exec-5] o.s.web.servlet.DispatcherServlet        : Completed 500 INTERNAL_SERVER_ERROR
2026-09-07T12:22:17.699-03:00  INFO 3276 --- [drivecore-api] [restartedMain] i.r.d.DrivecoreApiApplication            : Starting DrivecoreApiApplication using Java 21.0.11 with PID 3276 (C:\Users\Diego\Desktop\Desafio Técnico\drivecore-api\target\classes started by Diego in C:\Users\Diego\Desktop\Desafio Técnico\drivecore-api)
2026-09-07T12:22:17.702-03:00 DEBUG 3276 --- [drivecore-api] [restartedMain] i.r.d.DrivecoreApiApplication            : Running with Spring Boot v4.1.1, Spring v7.0.9
2026-09-07T12:22:17.703-03:00  INFO 3276 --- [drivecore-api] [restartedMain] i.r.d.DrivecoreApiApplication            : No active profile set, falling back to 1 default profile: "default"
2026-09-07T12:22:20.114-03:00 DEBUG 3276 --- [drivecore-api] [restartedMain] o.s.w.f.ServerHttpObservationFilter      : Filter 'webMvcObservationFilter' configured for use
2026-09-07T12:22:22.292-03:00  WARN 3276 --- [drivecore-api] [restartedMain] JpaBaseConfiguration$JpaWebConfiguration : spring.jpa.open-in-view is enabled by default. Therefore, database queries may be performed during view rendering. Explicitly configure spring.jpa.open-in-view to disable this warning
2026-09-07T12:22:22.449-03:00 DEBUG 3276 --- [drivecore-api] [restartedMain] s.w.s.m.m.a.RequestMappingHandlerMapping : 16 mappings in 'requestMappingHandlerMapping'
2026-09-07T12:22:22.485-03:00 DEBUG 3276 --- [drivecore-api] [restartedMain] o.s.w.s.handler.SimpleUrlHandlerMapping  : Patterns [/webjars/**, /**, /swagger-ui/**, /swagger-ui/*index.html, /swagger-ui/*swagger-initializer.js, /webjars/*swagger-ui/**, /webjars/*swagger-ui/*index.html, /webjars/*swagger-ui/5.32.11/*index.html, /webjars/*swagger-ui/*swagger-initializer.js, /webjars/*swagger-ui/5.32.11/*swagger-initializer.js] in 'resourceHandlerMapping'
2026-09-07T12:22:22.507-03:00 DEBUG 3276 --- [drivecore-api] [restartedMain] s.w.s.m.m.a.RequestMappingHandlerAdapter : ControllerAdvice beans: 0 @ModelAttribute, 0 @InitBinder, 2 RequestBodyAdvice, 1 ResponseBodyAdvice
2026-09-07T12:22:22.541-03:00 DEBUG 3276 --- [drivecore-api] [restartedMain] .m.m.a.ExceptionHandlerExceptionResolver : ControllerAdvice beans: 2 @ExceptionHandler, 1 ResponseBodyAdvice
2026-09-07T12:22:23.117-03:00 DEBUG 3276 --- [drivecore-api] [restartedMain] s.w.s.m.m.a.RequestMappingHandlerMapping : 1 mappings in 'requestMappingHandlerMapping'
2026-09-07T12:22:23.124-03:00 DEBUG 3276 --- [drivecore-api] [restartedMain] o.s.w.s.handler.SimpleUrlHandlerMapping  : Patterns [/webjars/**, /**, /swagger-ui/**, /swagger-ui/*index.html, /swagger-ui/*swagger-initializer.js, /webjars/*swagger-ui/**, /webjars/*swagger-ui/*index.html, /webjars/*swagger-ui/5.32.11/*index.html, /webjars/*swagger-ui/*swagger-initializer.js, /webjars/*swagger-ui/5.32.11/*swagger-initializer.js] in 'resourceHandlerMapping'
2026-09-07T12:22:23.132-03:00 DEBUG 3276 --- [drivecore-api] [restartedMain] s.w.s.m.m.a.RequestMappingHandlerAdapter : ControllerAdvice beans: 0 @ModelAttribute, 0 @InitBinder, 2 RequestBodyAdvice, 1 ResponseBodyAdvice
2026-09-07T12:22:23.150-03:00  INFO 3276 --- [drivecore-api] [restartedMain] i.r.d.DrivecoreApiApplication            : Started DrivecoreApiApplication in 5.892 seconds (process running for 6.308)
2026-09-07T12:22:23.259-03:00  WARN 3276 --- [drivecore-api] [restartedMain] o.s.core.events.SpringDocAppInitializer  : SpringDoc /v3/api-docs endpoint is enabled by default. To disable it in production, set the property 'springdoc.api-docs.enabled=false'
2026-09-07T12:22:23.260-03:00  WARN 3276 --- [drivecore-api] [restartedMain] o.s.core.events.SpringDocAppInitializer  : SpringDoc /swagger-ui.html endpoint is enabled by default. To disable it in production, set the property 'springdoc.swagger-ui.enabled=false'
2026-09-07T12:22:23.288-03:00  INFO 3276 --- [drivecore-api] [http-nio-8080-exec-1] o.s.web.servlet.DispatcherServlet        : Initializing Servlet 'dispatcherServlet'
2026-09-07T12:22:23.288-03:00 DEBUG 3276 --- [drivecore-api] [http-nio-8080-exec-1] o.s.web.servlet.DispatcherServlet        : Detected StandardServletMultipartResolver
2026-09-07T12:22:23.289-03:00 DEBUG 3276 --- [drivecore-api] [http-nio-8080-exec-1] o.s.web.servlet.DispatcherServlet        : Detected AcceptHeaderLocaleResolver
2026-09-07T12:22:23.291-03:00 DEBUG 3276 --- [drivecore-api] [http-nio-8080-exec-1] o.s.web.servlet.DispatcherServlet        : Detected org.springframework.web.servlet.view.DefaultRequestToViewNameTranslator@3ee09901
2026-09-07T12:22:23.292-03:00 DEBUG 3276 --- [drivecore-api] [http-nio-8080-exec-1] o.s.web.servlet.DispatcherServlet        : Detected org.springframework.web.servlet.support.SessionFlashMapManager@72074b54
2026-09-07T12:22:23.293-03:00 DEBUG 3276 --- [drivecore-api] [http-nio-8080-exec-1] o.s.web.servlet.DispatcherServlet        : enableLoggingRequestDetails='false': request parameters and headers will be masked to prevent unsafe logging of potentially sensitive data
2026-09-07T12:22:23.293-03:00  INFO 3276 --- [drivecore-api] [http-nio-8080-exec-1] o.s.web.servlet.DispatcherServlet        : Completed initialization in 5 ms
2026-09-07T12:22:23.321-03:00 DEBUG 3276 --- [drivecore-api] [http-nio-8080-exec-1] o.s.web.servlet.DispatcherServlet        : GET "/actuator/health", parameters={}
2026-09-07T12:22:23.328-03:00 DEBUG 3276 --- [drivecore-api] [http-nio-8080-exec-1] o.s.w.s.handler.SimpleUrlHandlerMapping  : Mapped to ResourceHttpRequestHandler [classpath [META-INF/resources/], classpath [resources/], classpath [static/], classpath [public/], ServletContext [/]]
2026-09-07T12:22:23.334-03:00 DEBUG 3276 --- [drivecore-api] [http-nio-8080-exec-1] o.s.w.s.r.ResourceHttpRequestHandler     : Resource not found for path [actuator/health]
2026-09-07T12:22:23.338-03:00 DEBUG 3276 --- [drivecore-api] [http-nio-8080-exec-1] .m.m.a.ExceptionHandlerExceptionResolver : Using @ExceptionHandler io.romulogomesbsi.drivecore_api.exception.GlobalExceptionHandler#handleGeneric(Exception)
2026-09-07T12:22:23.339-03:00 ERROR 3276 --- [drivecore-api] [http-nio-8080-exec-1] i.r.d.exception.GlobalExceptionHandler   : Erro inesperado {}

org.springframework.web.servlet.resource.NoResourceFoundException: No static resource actuator/health for request '/actuator/health'.
	at org.springframework.web.servlet.resource.ResourceHttpRequestHandler.handleRequest(ResourceHttpRequestHandler.java:527) ~[spring-webmvc-7.0.9.jar:7.0.9]
	at org.springframework.web.servlet.mvc.HttpRequestHandlerAdapter.handle(HttpRequestHandlerAdapter.java:50) ~[spring-webmvc-7.0.9.jar:7.0.9]
	at org.springframework.web.servlet.DispatcherServlet.doDispatch(DispatcherServlet.java:963) ~[spring-webmvc-7.0.9.jar:7.0.9]
	at org.springframework.web.servlet.DispatcherServlet.doService(DispatcherServlet.java:866) ~[spring-webmvc-7.0.9.jar:7.0.9]
	at org.springframework.web.servlet.FrameworkServlet.processRequest(FrameworkServlet.java:1000) ~[spring-webmvc-7.0.9.jar:7.0.9]
	at org.springframework.web.servlet.FrameworkServlet.doGet(FrameworkServlet.java:892) ~[spring-webmvc-7.0.9.jar:7.0.9]
	at jakarta.servlet.http.HttpServlet.service(HttpServlet.java:622) ~[tomcat-embed-core-11.0.24.jar:6.1]
	at org.springframework.web.servlet.FrameworkServlet.service(FrameworkServlet.java:874) ~[spring-webmvc-7.0.9.jar:7.0.9]
	at jakarta.servlet.http.HttpServlet.service(HttpServlet.java:710) ~[tomcat-embed-core-11.0.24.jar:6.1]
	at org.apache.catalina.core.ApplicationFilterChain.doFilter(ApplicationFilterChain.java:132) ~[tomcat-embed-core-11.0.24.jar:11.0.24]
	at org.apache.tomcat.websocket.server.WsFilter.doFilter(WsFilter.java:59) ~[tomcat-embed-websocket-11.0.24.jar:11.0.24]
	at org.apache.catalina.core.ApplicationFilterChain.doFilter(ApplicationFilterChain.java:111) ~[tomcat-embed-core-11.0.24.jar:11.0.24]
	at org.springframework.web.filter.RequestContextFilter.doFilterInternal(RequestContextFilter.java:100) ~[spring-web-7.0.9.jar:7.0.9]
	at org.springframework.web.filter.OncePerRequestFilter.doFilter(OncePerRequestFilter.java:116) ~[spring-web-7.0.9.jar:7.0.9]
	at org.apache.catalina.core.ApplicationFilterChain.doFilter(ApplicationFilterChain.java:111) ~[tomcat-embed-core-11.0.24.jar:11.0.24]
	at org.springframework.web.filter.FormContentFilter.doFilterInternal(FormContentFilter.java:93) ~[spring-web-7.0.9.jar:7.0.9]
	at org.springframework.web.filter.OncePerRequestFilter.doFilter(OncePerRequestFilter.java:116) ~[spring-web-7.0.9.jar:7.0.9]
	at org.apache.catalina.core.ApplicationFilterChain.doFilter(ApplicationFilterChain.java:111) ~[tomcat-embed-core-11.0.24.jar:11.0.24]
	at org.springframework.web.filter.ServerHttpObservationFilter.doFilterInternal(ServerHttpObservationFilter.java:110) ~[spring-web-7.0.9.jar:7.0.9]
	at org.springframework.web.filter.OncePerRequestFilter.doFilter(OncePerRequestFilter.java:116) ~[spring-web-7.0.9.jar:7.0.9]
	at org.apache.catalina.core.ApplicationFilterChain.doFilter(ApplicationFilterChain.java:111) ~[tomcat-embed-core-11.0.24.jar:11.0.24]
	at org.springframework.web.filter.CharacterEncodingFilter.doFilterInternal(CharacterEncodingFilter.java:199) ~[spring-web-7.0.9.jar:7.0.9]
	at org.springframework.web.filter.OncePerRequestFilter.doFilter(OncePerRequestFilter.java:116) ~[spring-web-7.0.9.jar:7.0.9]
	at org.apache.catalina.core.ApplicationFilterChain.doFilter(ApplicationFilterChain.java:111) ~[tomcat-embed-core-11.0.24.jar:11.0.24]
	at org.apache.catalina.core.StandardWrapperValve.invoke(StandardWrapperValve.java:165) ~[tomcat-embed-core-11.0.24.jar:11.0.24]
	at org.apache.catalina.core.StandardContextValve.invoke(StandardContextValve.java:77) ~[tomcat-embed-core-11.0.24.jar:11.0.24]
	at org.apache.catalina.authenticator.AuthenticatorBase.invoke(AuthenticatorBase.java:535) ~[tomcat-embed-core-11.0.24.jar:11.0.24]
	at org.apache.catalina.core.StandardHostValve.invoke(StandardHostValve.java:115) ~[tomcat-embed-core-11.0.24.jar:11.0.24]
	at org.apache.catalina.valves.ErrorReportValve.invoke(ErrorReportValve.java:86) ~[tomcat-embed-core-11.0.24.jar:11.0.24]
	at org.apache.catalina.core.StandardEngineValve.invoke(StandardEngineValve.java:71) ~[tomcat-embed-core-11.0.24.jar:11.0.24]
	at org.apache.catalina.connector.CoyoteAdapter.service(CoyoteAdapter.java:347) ~[tomcat-embed-core-11.0.24.jar:11.0.24]
	at org.apache.coyote.http11.Http11Processor.service(Http11Processor.java:406) ~[tomcat-embed-core-11.0.24.jar:11.0.24]
	at org.apache.coyote.AbstractProcessorLight.process(AbstractProcessorLight.java:71) ~[tomcat-embed-core-11.0.24.jar:11.0.24]
	at org.apache.coyote.AbstractProtocol$ConnectionHandler.process(AbstractProtocol.java:1307) ~[tomcat-embed-core-11.0.24.jar:11.0.24]
	at org.apache.tomcat.util.net.NioEndpoint$SocketProcessor.doRun(NioEndpoint.java:2036) ~[tomcat-embed-core-11.0.24.jar:11.0.24]
	at org.apache.tomcat.util.net.SocketProcessorBase.run(SocketProcessorBase.java:74) ~[tomcat-embed-core-11.0.24.jar:11.0.24]
	at org.apache.tomcat.util.threads.ThreadPoolExecutor.runWorker(ThreadPoolExecutor.java:949) ~[tomcat-embed-core-11.0.24.jar:11.0.24]
	at org.apache.tomcat.util.threads.ThreadPoolExecutor$Worker.run(ThreadPoolExecutor.java:483) ~[tomcat-embed-core-11.0.24.jar:11.0.24]
	at org.apache.tomcat.util.threads.TaskThread$WrappingRunnable.run(TaskThread.java:74) ~[tomcat-embed-core-11.0.24.jar:11.0.24]
	at java.base/java.lang.Thread.run(Thread.java:1583) ~[na:na]

2026-09-07T12:22:23.380-03:00 DEBUG 3276 --- [drivecore-api] [http-nio-8080-exec-1] o.s.w.s.m.m.a.HttpEntityMethodProcessor  : Using 'application/json;q=0.8', given [text/html, application/xhtml+xml, image/avif, image/webp, image/apng, application/xml;q=0.9, */*;q=0.8, application/signed-exchange;v=b3;q=0.7] and supported [application/json, application/*+json, application/yaml]
2026-09-07T12:22:23.382-03:00 DEBUG 3276 --- [drivecore-api] [http-nio-8080-exec-1] o.s.w.s.m.m.a.HttpEntityMethodProcessor  : Writing [io.romulogomesbsi.drivecore_api.exception.ErrorResponse@70ee0770]
2026-09-07T12:22:23.420-03:00  WARN 3276 --- [drivecore-api] [http-nio-8080-exec-1] .m.m.a.ExceptionHandlerExceptionResolver : Resolved [org.springframework.web.servlet.resource.NoResourceFoundException: No static resource actuator/health for request '/actuator/health'.]
2026-09-07T12:22:23.421-03:00 DEBUG 3276 --- [drivecore-api] [http-nio-8080-exec-1] o.s.web.servlet.DispatcherServlet        : Completed 500 INTERNAL_SERVER_ERROR
2026-09-07T12:22:23.431-03:00 DEBUG 3276 --- [drivecore-api] [http-nio-8080-exec-2] o.s.web.servlet.DispatcherServlet        : GET "/favicon.ico", parameters={}
2026-09-07T12:22:23.432-03:00 DEBUG 3276 --- [drivecore-api] [http-nio-8080-exec-2] o.s.w.s.handler.SimpleUrlHandlerMapping  : Mapped to ResourceHttpRequestHandler [classpath [META-INF/resources/], classpath [resources/], classpath [static/], classpath [public/], ServletContext [/]]
2026-09-07T12:22:23.434-03:00 DEBUG 3276 --- [drivecore-api] [http-nio-8080-exec-2] o.s.w.s.r.ResourceHttpRequestHandler     : Resource not found for path [favicon.ico]
2026-09-07T12:22:23.434-03:00 DEBUG 3276 --- [drivecore-api] [http-nio-8080-exec-2] .m.m.a.ExceptionHandlerExceptionResolver : Using @ExceptionHandler io.romulogomesbsi.drivecore_api.exception.GlobalExceptionHandler#handleGeneric(Exception)
2026-09-07T12:22:23.434-03:00 ERROR 3276 --- [drivecore-api] [http-nio-8080-exec-2] i.r.d.exception.GlobalExceptionHandler   : Erro inesperado {}

org.springframework.web.servlet.resource.NoResourceFoundException: No static resource favicon.ico for request '/favicon.ico'.
	at org.springframework.web.servlet.resource.ResourceHttpRequestHandler.handleRequest(ResourceHttpRequestHandler.java:527) ~[spring-webmvc-7.0.9.jar:7.0.9]
	at org.springframework.web.servlet.mvc.HttpRequestHandlerAdapter.handle(HttpRequestHandlerAdapter.java:50) ~[spring-webmvc-7.0.9.jar:7.0.9]
	at org.springframework.web.servlet.DispatcherServlet.doDispatch(DispatcherServlet.java:963) ~[spring-webmvc-7.0.9.jar:7.0.9]
	at org.springframework.web.servlet.DispatcherServlet.doService(DispatcherServlet.java:866) ~[spring-webmvc-7.0.9.jar:7.0.9]
	at org.springframework.web.servlet.FrameworkServlet.processRequest(FrameworkServlet.java:1000) ~[spring-webmvc-7.0.9.jar:7.0.9]
	at org.springframework.web.servlet.FrameworkServlet.doGet(FrameworkServlet.java:892) ~[spring-webmvc-7.0.9.jar:7.0.9]
	at jakarta.servlet.http.HttpServlet.service(HttpServlet.java:622) ~[tomcat-embed-core-11.0.24.jar:6.1]
	at org.springframework.web.servlet.FrameworkServlet.service(FrameworkServlet.java:874) ~[spring-webmvc-7.0.9.jar:7.0.9]
	at jakarta.servlet.http.HttpServlet.service(HttpServlet.java:710) ~[tomcat-embed-core-11.0.24.jar:6.1]
	at org.apache.catalina.core.ApplicationFilterChain.doFilter(ApplicationFilterChain.java:132) ~[tomcat-embed-core-11.0.24.jar:11.0.24]
	at org.apache.tomcat.websocket.server.WsFilter.doFilter(WsFilter.java:59) ~[tomcat-embed-websocket-11.0.24.jar:11.0.24]
	at org.apache.catalina.core.ApplicationFilterChain.doFilter(ApplicationFilterChain.java:111) ~[tomcat-embed-core-11.0.24.jar:11.0.24]
	at org.springframework.web.filter.RequestContextFilter.doFilterInternal(RequestContextFilter.java:100) ~[spring-web-7.0.9.jar:7.0.9]
	at org.springframework.web.filter.OncePerRequestFilter.doFilter(OncePerRequestFilter.java:116) ~[spring-web-7.0.9.jar:7.0.9]
	at org.apache.catalina.core.ApplicationFilterChain.doFilter(ApplicationFilterChain.java:111) ~[tomcat-embed-core-11.0.24.jar:11.0.24]
	at org.springframework.web.filter.FormContentFilter.doFilterInternal(FormContentFilter.java:93) ~[spring-web-7.0.9.jar:7.0.9]
	at org.springframework.web.filter.OncePerRequestFilter.doFilter(OncePerRequestFilter.java:116) ~[spring-web-7.0.9.jar:7.0.9]
	at org.apache.catalina.core.ApplicationFilterChain.doFilter(ApplicationFilterChain.java:111) ~[tomcat-embed-core-11.0.24.jar:11.0.24]
	at org.springframework.web.filter.ServerHttpObservationFilter.doFilterInternal(ServerHttpObservationFilter.java:110) ~[spring-web-7.0.9.jar:7.0.9]
	at org.springframework.web.filter.OncePerRequestFilter.doFilter(OncePerRequestFilter.java:116) ~[spring-web-7.0.9.jar:7.0.9]
	at org.apache.catalina.core.ApplicationFilterChain.doFilter(ApplicationFilterChain.java:111) ~[tomcat-embed-core-11.0.24.jar:11.0.24]
	at org.springframework.web.filter.CharacterEncodingFilter.doFilterInternal(CharacterEncodingFilter.java:199) ~[spring-web-7.0.9.jar:7.0.9]
	at org.springframework.web.filter.OncePerRequestFilter.doFilter(OncePerRequestFilter.java:116) ~[spring-web-7.0.9.jar:7.0.9]
	at org.apache.catalina.core.ApplicationFilterChain.doFilter(ApplicationFilterChain.java:111) ~[tomcat-embed-core-11.0.24.jar:11.0.24]
	at org.apache.catalina.core.StandardWrapperValve.invoke(StandardWrapperValve.java:165) ~[tomcat-embed-core-11.0.24.jar:11.0.24]
	at org.apache.catalina.core.StandardContextValve.invoke(StandardContextValve.java:77) ~[tomcat-embed-core-11.0.24.jar:11.0.24]
	at org.apache.catalina.authenticator.AuthenticatorBase.invoke(AuthenticatorBase.java:535) ~[tomcat-embed-core-11.0.24.jar:11.0.24]
	at org.apache.catalina.core.StandardHostValve.invoke(StandardHostValve.java:115) ~[tomcat-embed-core-11.0.24.jar:11.0.24]
	at org.apache.catalina.valves.ErrorReportValve.invoke(ErrorReportValve.java:86) ~[tomcat-embed-core-11.0.24.jar:11.0.24]
	at org.apache.catalina.core.StandardEngineValve.invoke(StandardEngineValve.java:71) ~[tomcat-embed-core-11.0.24.jar:11.0.24]
	at org.apache.catalina.connector.CoyoteAdapter.service(CoyoteAdapter.java:347) ~[tomcat-embed-core-11.0.24.jar:11.0.24]
	at org.apache.coyote.http11.Http11Processor.service(Http11Processor.java:406) ~[tomcat-embed-core-11.0.24.jar:11.0.24]
	at org.apache.coyote.AbstractProcessorLight.process(AbstractProcessorLight.java:71) ~[tomcat-embed-core-11.0.24.jar:11.0.24]
	at org.apache.coyote.AbstractProtocol$ConnectionHandler.process(AbstractProtocol.java:1307) ~[tomcat-embed-core-11.0.24.jar:11.0.24]
	at org.apache.tomcat.util.net.NioEndpoint$SocketProcessor.doRun(NioEndpoint.java:2036) ~[tomcat-embed-core-11.0.24.jar:11.0.24]
	at org.apache.tomcat.util.net.SocketProcessorBase.run(SocketProcessorBase.java:74) ~[tomcat-embed-core-11.0.24.jar:11.0.24]
	at org.apache.tomcat.util.threads.ThreadPoolExecutor.runWorker(ThreadPoolExecutor.java:949) ~[tomcat-embed-core-11.0.24.jar:11.0.24]
	at org.apache.tomcat.util.threads.ThreadPoolExecutor$Worker.run(ThreadPoolExecutor.java:483) ~[tomcat-embed-core-11.0.24.jar:11.0.24]
	at org.apache.tomcat.util.threads.TaskThread$WrappingRunnable.run(TaskThread.java:74) ~[tomcat-embed-core-11.0.24.jar:11.0.24]
	at java.base/java.lang.Thread.run(Thread.java:1583) ~[na:na]

2026-09-07T12:22:23.436-03:00 DEBUG 3276 --- [drivecore-api] [http-nio-8080-exec-2] o.s.w.s.m.m.a.HttpEntityMethodProcessor  : Using 'application/json;q=0.8', given [image/avif, image/webp, image/apng, image/svg+xml, image/*, */*;q=0.8] and supported [application/json, application/*+json, application/yaml]
2026-09-07T12:22:23.436-03:00 DEBUG 3276 --- [drivecore-api] [http-nio-8080-exec-2] o.s.w.s.m.m.a.HttpEntityMethodProcessor  : Writing [io.romulogomesbsi.drivecore_api.exception.ErrorResponse@24261e5d]
2026-09-07T12:22:23.440-03:00  WARN 3276 --- [drivecore-api] [http-nio-8080-exec-2] .m.m.a.ExceptionHandlerExceptionResolver : Resolved [org.springframework.web.servlet.resource.NoResourceFoundException: No static resource favicon.ico for request '/favicon.ico'.]
2026-09-07T12:22:23.440-03:00 DEBUG 3276 --- [drivecore-api] [http-nio-8080-exec-2] o.s.web.servlet.DispatcherServlet        : Completed 500 INTERNAL_SERVER_ERROR
2026-09-07T12:22:40.372-03:00  INFO 10380 --- [drivecore-api] [restartedMain] i.r.d.DrivecoreApiApplication            : Starting DrivecoreApiApplication using Java 21.0.11 with PID 10380 (C:\Users\Diego\Desktop\Desafio Técnico\drivecore-api\target\classes started by Diego in C:\Users\Diego\Desktop\Desafio Técnico\drivecore-api)
2026-09-07T12:22:40.375-03:00 DEBUG 10380 --- [drivecore-api] [restartedMain] i.r.d.DrivecoreApiApplication            : Running with Spring Boot v4.1.1, Spring v7.0.9
2026-09-07T12:22:40.375-03:00  INFO 10380 --- [drivecore-api] [restartedMain] i.r.d.DrivecoreApiApplication            : No active profile set, falling back to 1 default profile: "default"
2026-09-07T12:22:42.621-03:00 DEBUG 10380 --- [drivecore-api] [restartedMain] o.s.w.f.ServerHttpObservationFilter      : Filter 'webMvcObservationFilter' configured for use
2026-09-07T12:22:44.455-03:00  WARN 10380 --- [drivecore-api] [restartedMain] JpaBaseConfiguration$JpaWebConfiguration : spring.jpa.open-in-view is enabled by default. Therefore, database queries may be performed during view rendering. Explicitly configure spring.jpa.open-in-view to disable this warning
2026-09-07T12:22:44.585-03:00 DEBUG 10380 --- [drivecore-api] [restartedMain] s.w.s.m.m.a.RequestMappingHandlerMapping : 16 mappings in 'requestMappingHandlerMapping'
2026-09-07T12:22:44.613-03:00 DEBUG 10380 --- [drivecore-api] [restartedMain] o.s.w.s.handler.SimpleUrlHandlerMapping  : Patterns [/webjars/**, /**, /swagger-ui/**, /swagger-ui/*index.html, /swagger-ui/*swagger-initializer.js, /webjars/*swagger-ui/**, /webjars/*swagger-ui/*index.html, /webjars/*swagger-ui/5.32.11/*index.html, /webjars/*swagger-ui/*swagger-initializer.js, /webjars/*swagger-ui/5.32.11/*swagger-initializer.js] in 'resourceHandlerMapping'
2026-09-07T12:22:44.631-03:00 DEBUG 10380 --- [drivecore-api] [restartedMain] s.w.s.m.m.a.RequestMappingHandlerAdapter : ControllerAdvice beans: 0 @ModelAttribute, 0 @InitBinder, 2 RequestBodyAdvice, 1 ResponseBodyAdvice
2026-09-07T12:22:44.665-03:00 DEBUG 10380 --- [drivecore-api] [restartedMain] .m.m.a.ExceptionHandlerExceptionResolver : ControllerAdvice beans: 2 @ExceptionHandler, 1 ResponseBodyAdvice
2026-09-07T12:22:45.147-03:00 DEBUG 10380 --- [drivecore-api] [restartedMain] s.w.s.m.m.a.RequestMappingHandlerMapping : 1 mappings in 'requestMappingHandlerMapping'
2026-09-07T12:22:45.153-03:00 DEBUG 10380 --- [drivecore-api] [restartedMain] o.s.w.s.handler.SimpleUrlHandlerMapping  : Patterns [/webjars/**, /**, /swagger-ui/**, /swagger-ui/*index.html, /swagger-ui/*swagger-initializer.js, /webjars/*swagger-ui/**, /webjars/*swagger-ui/*index.html, /webjars/*swagger-ui/5.32.11/*index.html, /webjars/*swagger-ui/*swagger-initializer.js, /webjars/*swagger-ui/5.32.11/*swagger-initializer.js] in 'resourceHandlerMapping'
2026-09-07T12:22:45.160-03:00 DEBUG 10380 --- [drivecore-api] [restartedMain] s.w.s.m.m.a.RequestMappingHandlerAdapter : ControllerAdvice beans: 0 @ModelAttribute, 0 @InitBinder, 2 RequestBodyAdvice, 1 ResponseBodyAdvice
2026-09-07T12:22:45.177-03:00  INFO 10380 --- [drivecore-api] [restartedMain] i.r.d.DrivecoreApiApplication            : Started DrivecoreApiApplication in 5.227 seconds (process running for 5.636)
2026-09-07T12:22:45.267-03:00  WARN 10380 --- [drivecore-api] [restartedMain] o.s.core.events.SpringDocAppInitializer  : SpringDoc /v3/api-docs endpoint is enabled by default. To disable it in production, set the property 'springdoc.api-docs.enabled=false'
2026-09-07T12:22:45.268-03:00  WARN 10380 --- [drivecore-api] [restartedMain] o.s.core.events.SpringDocAppInitializer  : SpringDoc /swagger-ui.html endpoint is enabled by default. To disable it in production, set the property 'springdoc.swagger-ui.enabled=false'
2026-09-07T12:23:00.317-03:00  INFO 10380 --- [drivecore-api] [http-nio-9090-exec-1] o.s.web.servlet.DispatcherServlet        : Initializing Servlet 'dispatcherServletRegistration'
2026-09-07T12:23:00.318-03:00 DEBUG 10380 --- [drivecore-api] [http-nio-9090-exec-1] o.s.web.servlet.DispatcherServlet        : Detected StandardServletMultipartResolver
2026-09-07T12:23:00.318-03:00 DEBUG 10380 --- [drivecore-api] [http-nio-9090-exec-1] o.s.web.servlet.DispatcherServlet        : Detected AcceptHeaderLocaleResolver
2026-09-07T12:23:00.318-03:00 DEBUG 10380 --- [drivecore-api] [http-nio-9090-exec-1] o.s.web.servlet.DispatcherServlet        : Detected org.springframework.web.servlet.view.DefaultRequestToViewNameTranslator@3208727a
2026-09-07T12:23:00.318-03:00 DEBUG 10380 --- [drivecore-api] [http-nio-9090-exec-1] o.s.web.servlet.DispatcherServlet        : Detected org.springframework.web.servlet.support.SessionFlashMapManager@2c878003
2026-09-07T12:23:00.318-03:00 DEBUG 10380 --- [drivecore-api] [http-nio-9090-exec-1] o.s.web.servlet.DispatcherServlet        : enableLoggingRequestDetails='false': request parameters and headers will be masked to prevent unsafe logging of potentially sensitive data
2026-09-07T12:23:00.318-03:00  INFO 10380 --- [drivecore-api] [http-nio-9090-exec-1] o.s.web.servlet.DispatcherServlet        : Completed initialization in 1 ms
2026-09-07T12:23:00.323-03:00 DEBUG 10380 --- [drivecore-api] [http-nio-9090-exec-1] o.s.web.servlet.DispatcherServlet        : GET "/actuator", parameters={}
2026-09-07T12:23:00.341-03:00 DEBUG 10380 --- [drivecore-api] [http-nio-9090-exec-1] m.m.a.RequestResponseBodyMethodProcessor : Using 'application/vnd.spring-boot.actuator.v3+json;q=0.8', given [text/html, application/xhtml+xml, image/avif, image/webp, image/apng, application/xml;q=0.9, */*;q=0.8, application/signed-exchange;v=b3;q=0.7] and supported [application/vnd.spring-boot.actuator.v3+json, application/vnd.spring-boot.actuator.v2+json, application/json]
2026-09-07T12:23:00.343-03:00 DEBUG 10380 --- [drivecore-api] [http-nio-9090-exec-1] m.m.a.RequestResponseBodyMethodProcessor : Writing [{_links={self=[Link@1af5bd6f href = 'http://localhost:9090/actuator'], beans=[Link@2661b7ed href = ' (truncated)...]
2026-09-07T12:23:00.379-03:00 DEBUG 10380 --- [drivecore-api] [http-nio-9090-exec-1] o.s.web.servlet.DispatcherServlet        : Completed 200 OK
2026-09-07T12:23:00.392-03:00 DEBUG 10380 --- [drivecore-api] [http-nio-9090-exec-2] o.s.web.servlet.DispatcherServlet        : GET "/favicon.ico", parameters={}
2026-09-07T12:23:00.395-03:00 DEBUG 10380 --- [drivecore-api] [http-nio-9090-exec-2] o.s.w.s.handler.SimpleUrlHandlerMapping  : Mapped to ResourceHttpRequestHandler [classpath [META-INF/resources/], classpath [resources/], classpath [static/], classpath [public/], ServletContext [/]]
2026-09-07T12:23:00.399-03:00 DEBUG 10380 --- [drivecore-api] [http-nio-9090-exec-2] o.s.w.s.r.ResourceHttpRequestHandler     : Resource not found for path [favicon.ico]
2026-09-07T12:23:00.400-03:00 DEBUG 10380 --- [drivecore-api] [http-nio-9090-exec-2] .m.m.a.ExceptionHandlerExceptionResolver : Using @ExceptionHandler io.romulogomesbsi.drivecore_api.exception.GlobalExceptionHandler#handleGeneric(Exception)
2026-09-07T12:23:00.400-03:00 ERROR 10380 --- [drivecore-api] [http-nio-9090-exec-2] i.r.d.exception.GlobalExceptionHandler   : Erro inesperado {}

org.springframework.web.servlet.resource.NoResourceFoundException: No static resource favicon.ico for request '/favicon.ico'.
	at org.springframework.web.servlet.resource.ResourceHttpRequestHandler.handleRequest(ResourceHttpRequestHandler.java:527) ~[spring-webmvc-7.0.9.jar:7.0.9]
	at org.springframework.web.servlet.mvc.HttpRequestHandlerAdapter.handle(HttpRequestHandlerAdapter.java:50) ~[spring-webmvc-7.0.9.jar:7.0.9]
	at org.springframework.boot.webmvc.autoconfigure.actuate.web.CompositeHandlerAdapter.handle(CompositeHandlerAdapter.java:59) ~[spring-boot-webmvc-4.1.1.jar:4.1.1]
	at org.springframework.web.servlet.DispatcherServlet.doDispatch(DispatcherServlet.java:963) ~[spring-webmvc-7.0.9.jar:7.0.9]
	at org.springframework.web.servlet.DispatcherServlet.doService(DispatcherServlet.java:866) ~[spring-webmvc-7.0.9.jar:7.0.9]
	at org.springframework.web.servlet.FrameworkServlet.processRequest(FrameworkServlet.java:1000) ~[spring-webmvc-7.0.9.jar:7.0.9]
	at org.springframework.web.servlet.FrameworkServlet.doGet(FrameworkServlet.java:892) ~[spring-webmvc-7.0.9.jar:7.0.9]
	at jakarta.servlet.http.HttpServlet.service(HttpServlet.java:622) ~[tomcat-embed-core-11.0.24.jar:6.1]
	at org.springframework.web.servlet.FrameworkServlet.service(FrameworkServlet.java:874) ~[spring-webmvc-7.0.9.jar:7.0.9]
	at jakarta.servlet.http.HttpServlet.service(HttpServlet.java:710) ~[tomcat-embed-core-11.0.24.jar:6.1]
	at org.apache.catalina.core.ApplicationFilterChain.doFilter(ApplicationFilterChain.java:132) ~[tomcat-embed-core-11.0.24.jar:11.0.24]
	at org.apache.tomcat.websocket.server.WsFilter.doFilter(WsFilter.java:59) ~[tomcat-embed-websocket-11.0.24.jar:11.0.24]
	at org.apache.catalina.core.ApplicationFilterChain.doFilter(ApplicationFilterChain.java:111) ~[tomcat-embed-core-11.0.24.jar:11.0.24]
	at org.apache.catalina.core.StandardWrapperValve.invoke(StandardWrapperValve.java:165) ~[tomcat-embed-core-11.0.24.jar:11.0.24]
	at org.apache.catalina.core.StandardContextValve.invoke(StandardContextValve.java:77) ~[tomcat-embed-core-11.0.24.jar:11.0.24]
	at org.apache.catalina.authenticator.AuthenticatorBase.invoke(AuthenticatorBase.java:535) ~[tomcat-embed-core-11.0.24.jar:11.0.24]
	at org.apache.catalina.core.StandardHostValve.invoke(StandardHostValve.java:115) ~[tomcat-embed-core-11.0.24.jar:11.0.24]
	at org.apache.catalina.valves.ErrorReportValve.invoke(ErrorReportValve.java:86) ~[tomcat-embed-core-11.0.24.jar:11.0.24]
	at org.apache.catalina.core.StandardEngineValve.invoke(StandardEngineValve.java:71) ~[tomcat-embed-core-11.0.24.jar:11.0.24]
	at org.apache.catalina.connector.CoyoteAdapter.service(CoyoteAdapter.java:347) ~[tomcat-embed-core-11.0.24.jar:11.0.24]
	at org.apache.coyote.http11.Http11Processor.service(Http11Processor.java:406) ~[tomcat-embed-core-11.0.24.jar:11.0.24]
	at org.apache.coyote.AbstractProcessorLight.process(AbstractProcessorLight.java:71) ~[tomcat-embed-core-11.0.24.jar:11.0.24]
	at org.apache.coyote.AbstractProtocol$ConnectionHandler.process(AbstractProtocol.java:1307) ~[tomcat-embed-core-11.0.24.jar:11.0.24]
	at org.apache.tomcat.util.net.NioEndpoint$SocketProcessor.doRun(NioEndpoint.java:2036) ~[tomcat-embed-core-11.0.24.jar:11.0.24]
	at org.apache.tomcat.util.net.SocketProcessorBase.run(SocketProcessorBase.java:74) ~[tomcat-embed-core-11.0.24.jar:11.0.24]
	at org.apache.tomcat.util.threads.ThreadPoolExecutor.runWorker(ThreadPoolExecutor.java:949) ~[tomcat-embed-core-11.0.24.jar:11.0.24]
	at org.apache.tomcat.util.threads.ThreadPoolExecutor$Worker.run(ThreadPoolExecutor.java:483) ~[tomcat-embed-core-11.0.24.jar:11.0.24]
	at org.apache.tomcat.util.threads.TaskThread$WrappingRunnable.run(TaskThread.java:74) ~[tomcat-embed-core-11.0.24.jar:11.0.24]
	at java.base/java.lang.Thread.run(Thread.java:1583) ~[na:na]

2026-09-07T12:23:00.423-03:00 DEBUG 10380 --- [drivecore-api] [http-nio-9090-exec-2] o.s.w.s.m.m.a.HttpEntityMethodProcessor  : Using 'application/json;q=0.8', given [image/avif, image/webp, image/apng, image/svg+xml, image/*, */*;q=0.8] and supported [application/json, application/*+json, application/yaml]
2026-09-07T12:23:00.423-03:00 DEBUG 10380 --- [drivecore-api] [http-nio-9090-exec-2] o.s.w.s.m.m.a.HttpEntityMethodProcessor  : Writing [io.romulogomesbsi.drivecore_api.exception.ErrorResponse@6ee748f5]
2026-09-07T12:23:00.429-03:00  WARN 10380 --- [drivecore-api] [http-nio-9090-exec-2] .m.m.a.ExceptionHandlerExceptionResolver : Resolved [org.springframework.web.servlet.resource.NoResourceFoundException: No static resource favicon.ico for request '/favicon.ico'.]
2026-09-07T12:23:00.429-03:00 DEBUG 10380 --- [drivecore-api] [http-nio-9090-exec-2] o.s.web.servlet.DispatcherServlet        : Completed 500 INTERNAL_SERVER_ERROR
2026-09-07T12:23:55.773-03:00 DEBUG 10380 --- [drivecore-api] [http-nio-9090-exec-3] o.s.web.servlet.DispatcherServlet        : GET "/actuator/beans", parameters={}
2026-09-07T12:23:55.776-03:00 DEBUG 10380 --- [drivecore-api] [http-nio-9090-exec-3] m.m.a.RequestResponseBodyMethodProcessor : Read "application/octet-stream" to []
2026-09-07T12:23:55.784-03:00 DEBUG 10380 --- [drivecore-api] [http-nio-9090-exec-3] m.m.a.RequestResponseBodyMethodProcessor : Using 'application/vnd.spring-boot.actuator.v3+json;q=0.8', given [text/html, application/xhtml+xml, image/avif, image/webp, image/apng, application/xml;q=0.9, */*;q=0.8, application/signed-exchange;v=b3;q=0.7] and supported [application/vnd.spring-boot.actuator.v3+json, application/vnd.spring-boot.actuator.v2+json, application/json]
2026-09-07T12:23:55.784-03:00 DEBUG 10380 --- [drivecore-api] [http-nio-9090-exec-3] m.m.a.RequestResponseBodyMethodProcessor : Writing [org.springframework.boot.actuate.beans.BeansEndpoint$BeansDescriptor@19cefcb9]
2026-09-07T12:23:55.795-03:00 DEBUG 10380 --- [drivecore-api] [http-nio-9090-exec-3] o.s.web.servlet.DispatcherServlet        : Completed 200 OK
2026-09-07T12:23:55.820-03:00 DEBUG 10380 --- [drivecore-api] [http-nio-9090-exec-4] o.s.web.servlet.DispatcherServlet        : GET "/favicon.ico", parameters={}
2026-09-07T12:23:55.821-03:00 DEBUG 10380 --- [drivecore-api] [http-nio-9090-exec-4] o.s.w.s.handler.SimpleUrlHandlerMapping  : Mapped to ResourceHttpRequestHandler [classpath [META-INF/resources/], classpath [resources/], classpath [static/], classpath [public/], ServletContext [/]]
2026-09-07T12:23:55.823-03:00 DEBUG 10380 --- [drivecore-api] [http-nio-9090-exec-4] o.s.w.s.r.ResourceHttpRequestHandler     : Resource not found for path [favicon.ico]
2026-09-07T12:23:55.824-03:00 DEBUG 10380 --- [drivecore-api] [http-nio-9090-exec-4] .m.m.a.ExceptionHandlerExceptionResolver : Using @ExceptionHandler io.romulogomesbsi.drivecore_api.exception.GlobalExceptionHandler#handleGeneric(Exception)
2026-09-07T12:23:55.824-03:00 ERROR 10380 --- [drivecore-api] [http-nio-9090-exec-4] i.r.d.exception.GlobalExceptionHandler   : Erro inesperado {}

org.springframework.web.servlet.resource.NoResourceFoundException: No static resource favicon.ico for request '/favicon.ico'.
	at org.springframework.web.servlet.resource.ResourceHttpRequestHandler.handleRequest(ResourceHttpRequestHandler.java:527) ~[spring-webmvc-7.0.9.jar:7.0.9]
	at org.springframework.web.servlet.mvc.HttpRequestHandlerAdapter.handle(HttpRequestHandlerAdapter.java:50) ~[spring-webmvc-7.0.9.jar:7.0.9]
	at org.springframework.boot.webmvc.autoconfigure.actuate.web.CompositeHandlerAdapter.handle(CompositeHandlerAdapter.java:59) ~[spring-boot-webmvc-4.1.1.jar:4.1.1]
	at org.springframework.web.servlet.DispatcherServlet.doDispatch(DispatcherServlet.java:963) ~[spring-webmvc-7.0.9.jar:7.0.9]
	at org.springframework.web.servlet.DispatcherServlet.doService(DispatcherServlet.java:866) ~[spring-webmvc-7.0.9.jar:7.0.9]
	at org.springframework.web.servlet.FrameworkServlet.processRequest(FrameworkServlet.java:1000) ~[spring-webmvc-7.0.9.jar:7.0.9]
	at org.springframework.web.servlet.FrameworkServlet.doGet(FrameworkServlet.java:892) ~[spring-webmvc-7.0.9.jar:7.0.9]
	at jakarta.servlet.http.HttpServlet.service(HttpServlet.java:622) ~[tomcat-embed-core-11.0.24.jar:6.1]
	at org.springframework.web.servlet.FrameworkServlet.service(FrameworkServlet.java:874) ~[spring-webmvc-7.0.9.jar:7.0.9]
	at jakarta.servlet.http.HttpServlet.service(HttpServlet.java:710) ~[tomcat-embed-core-11.0.24.jar:6.1]
	at org.apache.catalina.core.ApplicationFilterChain.doFilter(ApplicationFilterChain.java:132) ~[tomcat-embed-core-11.0.24.jar:11.0.24]
	at org.apache.tomcat.websocket.server.WsFilter.doFilter(WsFilter.java:59) ~[tomcat-embed-websocket-11.0.24.jar:11.0.24]
	at org.apache.catalina.core.ApplicationFilterChain.doFilter(ApplicationFilterChain.java:111) ~[tomcat-embed-core-11.0.24.jar:11.0.24]
	at org.apache.catalina.core.StandardWrapperValve.invoke(StandardWrapperValve.java:165) ~[tomcat-embed-core-11.0.24.jar:11.0.24]
	at org.apache.catalina.core.StandardContextValve.invoke(StandardContextValve.java:77) ~[tomcat-embed-core-11.0.24.jar:11.0.24]
	at org.apache.catalina.authenticator.AuthenticatorBase.invoke(AuthenticatorBase.java:535) ~[tomcat-embed-core-11.0.24.jar:11.0.24]
	at org.apache.catalina.core.StandardHostValve.invoke(StandardHostValve.java:115) ~[tomcat-embed-core-11.0.24.jar:11.0.24]
	at org.apache.catalina.valves.ErrorReportValve.invoke(ErrorReportValve.java:86) ~[tomcat-embed-core-11.0.24.jar:11.0.24]
	at org.apache.catalina.core.StandardEngineValve.invoke(StandardEngineValve.java:71) ~[tomcat-embed-core-11.0.24.jar:11.0.24]
	at org.apache.catalina.connector.CoyoteAdapter.service(CoyoteAdapter.java:347) ~[tomcat-embed-core-11.0.24.jar:11.0.24]
	at org.apache.coyote.http11.Http11Processor.service(Http11Processor.java:406) ~[tomcat-embed-core-11.0.24.jar:11.0.24]
	at org.apache.coyote.AbstractProcessorLight.process(AbstractProcessorLight.java:71) ~[tomcat-embed-core-11.0.24.jar:11.0.24]
	at org.apache.coyote.AbstractProtocol$ConnectionHandler.process(AbstractProtocol.java:1307) ~[tomcat-embed-core-11.0.24.jar:11.0.24]
	at org.apache.tomcat.util.net.NioEndpoint$SocketProcessor.doRun(NioEndpoint.java:2036) ~[tomcat-embed-core-11.0.24.jar:11.0.24]
	at org.apache.tomcat.util.net.SocketProcessorBase.run(SocketProcessorBase.java:74) ~[tomcat-embed-core-11.0.24.jar:11.0.24]
	at org.apache.tomcat.util.threads.ThreadPoolExecutor.runWorker(ThreadPoolExecutor.java:949) ~[tomcat-embed-core-11.0.24.jar:11.0.24]
	at org.apache.tomcat.util.threads.ThreadPoolExecutor$Worker.run(ThreadPoolExecutor.java:483) ~[tomcat-embed-core-11.0.24.jar:11.0.24]
	at org.apache.tomcat.util.threads.TaskThread$WrappingRunnable.run(TaskThread.java:74) ~[tomcat-embed-core-11.0.24.jar:11.0.24]
	at java.base/java.lang.Thread.run(Thread.java:1583) ~[na:na]

2026-09-07T12:23:55.825-03:00 DEBUG 10380 --- [drivecore-api] [http-nio-9090-exec-4] o.s.w.s.m.m.a.HttpEntityMethodProcessor  : Using 'application/json;q=0.8', given [image/avif, image/webp, image/apng, image/svg+xml, image/*, */*;q=0.8] and supported [application/json, application/*+json, application/yaml]
2026-09-07T12:23:55.825-03:00 DEBUG 10380 --- [drivecore-api] [http-nio-9090-exec-4] o.s.w.s.m.m.a.HttpEntityMethodProcessor  : Writing [io.romulogomesbsi.drivecore_api.exception.ErrorResponse@b219210]
2026-09-07T12:23:55.826-03:00  WARN 10380 --- [drivecore-api] [http-nio-9090-exec-4] .m.m.a.ExceptionHandlerExceptionResolver : Resolved [org.springframework.web.servlet.resource.NoResourceFoundException: No static resource favicon.ico for request '/favicon.ico'.]
2026-09-07T12:23:55.826-03:00 DEBUG 10380 --- [drivecore-api] [http-nio-9090-exec-4] o.s.web.servlet.DispatcherServlet        : Completed 500 INTERNAL_SERVER_ERROR
